Munic°pio;UF
Alta Floresta DÔoeste;RO
Ariquemes;RO
Cabixi;RO
Cacoal;RO
Cerejeiras;RO
Colorado do Oeste;RO
Corumbiara;RO
Costa Marques;RO
Espig∆o DÔoeste;RO
Guajar†-mirim;RO
Jaru;RO
Ji-paran†;RO
Machadinho DÔoeste;RO
Nova BrasilÉndia DÔoeste;RO
Ouro Preto do Oeste;RO
Pimenta Bueno;RO
Porto Velho;RO
Presidente MÇdici;RO
Rio Crespo;RO
Rolim de Moura;RO
Santa Luzia DÔoeste;RO
Vilhena;RO
S∆o Miguel do GuaporÇ;RO
Nova MamorÇ;RO
Alvorada DÔoeste;RO
Alto Alegre Dos Parecis;RO
Alto Para°so;RO
Buritis;RO
Novo Horizonte do Oeste;RO
CacaulÉndia;RO
Campo Novo de Rondìnia;RO
Candeias do Jamari;RO
Castanheiras;RO
Chupinguaia;RO
Cujubim;RO
Governador Jorge Teixeira;RO
Itapu∆ do Oeste;RO
Ministro Andreazza;RO
Mirante da Serra;RO
Monte Negro;RO
Nova Uni∆o;RO
Parecis;RO
Pimenteiras do Oeste;RO
Primavera de Rondìnia;RO
S∆o Felipe DÔoeste;RO
S∆o Francisco do GuaporÇ;RO
Seringueiras;RO
Teixeir¢polis;RO
Theobroma;RO
Urup†;RO
Vale do Anari;RO
Vale do Para°so;RO
AcrelÉndia;AC
Assis Brasil;AC
BrasilÇia;AC
Bujari;AC
Capixaba;AC
Cruzeiro do Sul;AC
EpitaciolÉndia;AC
Feij¢;AC
Jord∆o;AC
MÉncio Lima;AC
Manoel Urbano;AC
Marechal Thaumaturgo;AC
Pl†cido de Castro;AC
Porto Walter;AC
Rio Branco;AC
Rodrigues Alves;AC
Santa Rosa do Purus;AC
Senador Guiomard;AC
Sena Madureira;AC
Tarauac†;AC
Xapuri;AC
Porto Acre;AC
Alvar∆es;AM
Amatur†;AM
Anam∆;AM
Anori;AM
Apu°;AM
Atalaia do Norte;AM
Autazes;AM
Barcelos;AM
Barreirinha;AM
Benjamin Constant;AM
Beruri;AM
Boa Vista do Ramos;AM
Boca do Acre;AM
Borba;AM
Caapiranga;AM
Canutama;AM
Carauari;AM
Careiro;AM
Careiro da V†rzea;AM
Coari;AM
Codaj†s;AM
EirunepÇ;AM
Envira;AM
Fonte Boa;AM
Guajar†;AM
Humait†;AM
Ipixuna;AM
Iranduba;AM
Itacoatiara;AM
Itamarati;AM
Itapiranga;AM
Japur†;AM
Juru†;AM
Juta°;AM
L†brea;AM
Manacapuru;AM
Manaquiri;AM
Manaus;AM
ManicorÇ;AM
Mara∆;AM
MauÇs;AM
Nhamund†;AM
Nova Olinda do Norte;AM
Novo Air∆o;AM
Novo Aripuan∆;AM
Parintins;AM
Pauini;AM
Presidente Figueiredo;AM
Rio Preto da Eva;AM
Santa Isabel do Rio Negro;AM
Santo Antìnio do Iá†;AM
S∆o Gabriel da Cachoeira;AM
S∆o Paulo de Olivenáa;AM
S∆o Sebasti∆o do Uatum∆;AM
Silves;AM
Tabatinga;AM
Tapau†;AM
TefÇ;AM
Tonantins;AM
Uarini;AM
Urucar†;AM
Urucurituba;AM
Amajari;RR
Alto Alegre;RR
Boa Vista;RR
Bonfim;RR
Cant†;RR
Caracara°;RR
Caroebe;RR
Iracema;RR
Mucaja°;RR
Normandia;RR
Pacaraima;RR
Rorain¢polis;RR
S∆o Jo∆o da Baliza;RR
S∆o Luiz;RR
Uiramut∆;RR
Abaetetuba;PA
Abel Figueiredo;PA
Acar†;PA
Afu†;PA
µgua Azul do Norte;PA
Alenquer;PA
Almeirim;PA
Altamira;PA
Anaj†s;PA
Ananindeua;PA
Anapu;PA
Augusto Corràa;PA
Aurora do Par†;PA
Aveiro;PA
Bagre;PA
Bai∆o;PA
Bannach;PA
Barcarena;PA
BelÇm;PA
Belterra;PA
Benevides;PA
Bom Jesus do Tocantins;PA
Bonito;PA
Braganáa;PA
Brasil Novo;PA
Brejo Grande do Araguaia;PA
Breu Branco;PA
Breves;PA
Bujaru;PA
Cachoeira do Piri†;PA
Cachoeira do Arari;PA
Camet†;PA
Cana∆ Dos Caraj†s;PA
Capanema;PA
Capit∆o Poáo;PA
Castanhal;PA
Chaves;PA
Colares;PA
Conceiá∆o do Araguaia;PA
Conc¢rdia do Par†;PA
Cumaru do Norte;PA
Curion¢polis;PA
Curralinho;PA
Curu†;PA
Curuá†;PA
Dom Eliseu;PA
Eldorado Dos Caraj†s;PA
Faro;PA
Floresta do Araguaia;PA
Garraf∆o do Norte;PA
GoianÇsia do Par†;PA
Gurup†;PA
IgarapÇ-aáu;PA
IgarapÇ-miri;PA
Inhangapi;PA
Ipixuna do Par†;PA
Irituia;PA
Itaituba;PA
Itupiranga;PA
Jacareacanga;PA
Jacund†;PA
Juruti;PA
Limoeiro do Ajuru;PA
M∆e do Rio;PA
Magalh∆es Barata;PA
Marab†;PA
Maracan∆;PA
Marapanim;PA
Marituba;PA
MedicilÉndia;PA
Melgaáo;PA
Mocajuba;PA
Moju;PA
Moju° dos Campos;PA
Monte Alegre;PA
Muan†;PA
Nova Esperanáa do Piri†;PA
Nova Ipixuna;PA
Nova Timboteua;PA
Novo Progresso;PA
Novo Repartimento;PA
‡bidos;PA
Oeiras do Par†;PA
Oriximin†;PA
OurÇm;PA
OurilÉndia do Norte;PA
Pacaj†;PA
Palestina do Par†;PA
Paragominas;PA
Parauapebas;PA
Pau DÔarco;PA
Peixe-boi;PA
Piáarra;PA
Placas;PA
Ponta de Pedras;PA
Portel;PA
Porto de Moz;PA
Prainha;PA
Primavera;PA
Quatipuru;PA
Redená∆o;PA
Rio Maria;PA
Rondon do Par†;PA
Rur¢polis;PA
Salin¢polis;PA
Salvaterra;PA
Santa B†rbara do Par†;PA
Santa Cruz do Arari;PA
Santa Isabel do Par†;PA
Santa Luzia do Par†;PA
Santa Maria Das Barreiras;PA
Santa Maria do Par†;PA
Santana do Araguaia;PA
SantarÇm;PA
SantarÇm Novo;PA
Santo Antìnio do Tau†;PA
S∆o Caetano de Odivelas;PA
S∆o Domingos do Araguaia;PA
S∆o Domingos do Capim;PA
S∆o FÇlix do Xingu;PA
S∆o Francisco do Par†;PA
S∆o Geraldo do Araguaia;PA
S∆o Jo∆o da Ponta;PA
S∆o Jo∆o de Pirabas;PA
S∆o Jo∆o do Araguaia;PA
S∆o Miguel do Guam†;PA
S∆o Sebasti∆o da Boa Vista;PA
Sapucaia;PA
Senador JosÇ Porf°rio;PA
Soure;PA
TailÉndia;PA
Terra Alta;PA
Terra Santa;PA
TomÇ-aáu;PA
Tracuateua;PA
Trair∆o;PA
Tucum∆;PA
Tucuru°;PA
Ulian¢polis;PA
Uruar†;PA
Vigia;PA
Viseu;PA
Vit¢ria do Xingu;PA
Xinguara;PA
Serra do Navio;AP
Amap†;AP
Pedra Branca do Amapari;AP
Caláoene;AP
Cutias;AP
Ferreira Gomes;AP
Itaubal;AP
Laranjal do Jari;AP
Macap†;AP
Mazag∆o;AP
Oiapoque;AP
Porto Grande;AP
Pracu£ba;AP
Santana;AP
Tartarugalzinho;AP
Vit¢ria do Jari;AP
AbreulÉndia;TO
Aguiarn¢polis;TO
Alianáa do Tocantins;TO
Almas;TO
Alvorada;TO
Anan†s;TO
Angico;TO
Aparecida do Rio Negro;TO
Aragominas;TO
Araguacema;TO
Araguaáu;TO
Aragua°na;TO
Araguan∆;TO
Araguatins;TO
Arapoema;TO
Arraias;TO
Augustin¢polis;TO
Aurora do Tocantins;TO
Axix† do Tocantins;TO
BabaáulÉndia;TO
Bandeirantes do Tocantins;TO
Barra do Ouro;TO
BarrolÉndia;TO
Bernardo Say∆o;TO
Bom Jesus do Tocantins;TO
BrasilÉndia do Tocantins;TO
Brejinho de NazarÇ;TO
Buriti do Tocantins;TO
Cachoeirinha;TO
Campos Lindos;TO
Cariri do Tocantins;TO
CarmolÉndia;TO
Carrasco Bonito;TO
Caseara;TO
Centen†rio;TO
Chapada de Areia;TO
Chapada da Natividade;TO
Colinas do Tocantins;TO
Combinado;TO
Conceiá∆o do Tocantins;TO
Couto de Magalh∆es;TO
CristalÉndia;TO
Crix†s do Tocantins;TO
Darcin¢polis;TO
Dian¢polis;TO
Divin¢polis do Tocantins;TO
Dois Irm∆os do Tocantins;TO
DuerÇ;TO
Esperantina;TO
F†tima;TO
Figueir¢polis;TO
FiladÇlfia;TO
Formoso do Araguaia;TO
Fortaleza do Taboc∆o;TO
Goianorte;TO
Goiatins;TO
Guara°;TO
Gurupi;TO
Ipueiras;TO
Itacaj†;TO
Itaguatins;TO
Itapiratins;TO
Itapor∆ do Tocantins;TO
Ja£ do Tocantins;TO
Juarina;TO
Lagoa da Confus∆o;TO
Lagoa do Tocantins;TO
Lajeado;TO
Lavandeira;TO
Lizarda;TO
Luzin¢polis;TO
Marian¢polis do Tocantins;TO
Mateiros;TO
MaurilÉndia do Tocantins;TO
Miracema do Tocantins;TO
Miranorte;TO
Monte do Carmo;TO
Monte Santo do Tocantins;TO
Palmeiras do Tocantins;TO
MuricilÉndia;TO
Natividade;TO
NazarÇ;TO
Nova Olinda;TO
Nova RosalÉndia;TO
Novo Acordo;TO
Novo Alegre;TO
Novo Jardim;TO
Oliveira de F†tima;TO
Palmeirante;TO
Palmeir¢polis;TO
Para°so do Tocantins;TO
Paran∆;TO
Pau DÔarco;TO
Pedro Afonso;TO
Peixe;TO
Pequizeiro;TO
ColmÇia;TO
Pindorama do Tocantins;TO
Piraquà;TO
Pium;TO
Ponte Alta do Bom Jesus;TO
Ponte Alta do Tocantins;TO
Porto Alegre do Tocantins;TO
Porto Nacional;TO
Praia Norte;TO
Presidente Kennedy;TO
Pugmil;TO
RecursolÉndia;TO
Riachinho;TO
Rio da Conceiá∆o;TO
Rio Dos Bois;TO
Rio Sono;TO
Sampaio;TO
SandolÉndia;TO
Santa fÇ do Araguaia;TO
Santa Maria do Tocantins;TO
Santa Rita do Tocantins;TO
Santa Rosa do Tocantins;TO
Santa Tereza do Tocantins;TO
Santa Terezinha do Tocantins;TO
S∆o Bento do Tocantins;TO
S∆o FÇlix do Tocantins;TO
S∆o Miguel do Tocantins;TO
S∆o Salvador do Tocantins;TO
S∆o Sebasti∆o do Tocantins;TO
S∆o ValÇrio da Natividade;TO
Silvan¢polis;TO
S°tio Novo do Tocantins;TO
Sucupira;TO
Taguatinga;TO
Taipas do Tocantins;TO
Talism∆;TO
Palmas;TO
Tocant°nia;TO
Tocantin¢polis;TO
Tupirama;TO
Tupiratins;TO
WanderlÉndia;TO
Xambio†;TO
AáailÉndia;MA
Afonso Cunha;MA
µgua Doce do Maranh∆o;MA
AlcÉntara;MA
Aldeias Altas;MA
Altamira do Maranh∆o;MA
Alto Alegre do Maranh∆o;MA
Alto Alegre do PindarÇ;MA
Alto Parna°ba;MA
Amap† do Maranh∆o;MA
Amarante do Maranh∆o;MA
Anajatuba;MA
Anapurus;MA
Apicum-aáu;MA
Araguan∆;MA
Araioses;MA
Arame;MA
Arari;MA
Axix†;MA
Bacabal;MA
Bacabeira;MA
Bacuri;MA
Bacurituba;MA
Balsas;MA
Bar∆o de Graja£;MA
Barra do Corda;MA
Barreirinhas;MA
Bel†gua;MA
Bela Vista do Maranh∆o;MA
Benedito Leite;MA
Bequim∆o;MA
Bernardo do Mearim;MA
Boa Vista do Gurupi;MA
Bom Jardim;MA
Bom Jesus Das Selvas;MA
Bom Lugar;MA
Brejo;MA
Brejo de Areia;MA
Buriti;MA
Buriti Bravo;MA
Buriticupu;MA
Buritirana;MA
Cachoeira Grande;MA
Cajapi¢;MA
Cajari;MA
Campestre do Maranh∆o;MA
CÉndido Mendes;MA
Cantanhede;MA
Capinzal do Norte;MA
Carolina;MA
Carutapera;MA
Caxias;MA
Cedral;MA
Central do Maranh∆o;MA
Centro do Guilherme;MA
Centro Novo do Maranh∆o;MA
Chapadinha;MA
CidelÉndia;MA
Cod¢;MA
Coelho Neto;MA
Colinas;MA
Conceiá∆o do Lago-aáu;MA
Coroat†;MA
Cururupu;MA
Davin¢polis;MA
Dom Pedro;MA
Duque Bacelar;MA
Esperantin¢polis;MA
Estreito;MA
Feira Nova do Maranh∆o;MA
Fernando Falc∆o;MA
Formosa da Serra Negra;MA
Fortaleza Dos Nogueiras;MA
Fortuna;MA
Godofredo Viana;MA
Gonáalves Dias;MA
Governador Archer;MA
Governador Edison Lob∆o;MA
Governador Eugànio Barros;MA
Governador Luiz Rocha;MA
Governador Newton Bello;MA
Governador Nunes Freire;MA
Graáa Aranha;MA
Graja£;MA
Guimar∆es;MA
Humberto de Campos;MA
Icatu;MA
IgarapÇ do Meio;MA
IgarapÇ Grande;MA
Imperatriz;MA
Itaipava do Graja£;MA
Itapecuru Mirim;MA
Itinga do Maranh∆o;MA
Jatob†;MA
Jenipapo Dos Vieiras;MA
Jo∆o Lisboa;MA
JoselÉndia;MA
Junco do Maranh∆o;MA
Lago da Pedra;MA
Lago do Junco;MA
Lago Verde;MA
Lagoa do Mato;MA
Lago Dos Rodrigues;MA
Lagoa Grande do Maranh∆o;MA
Lajeado Novo;MA
Lima Campos;MA
Loreto;MA
Lu°s Domingues;MA
Magalh∆es de Almeida;MA
MaracaáumÇ;MA
Maraj† do Sena;MA
Maranh∆ozinho;MA
Mata Roma;MA
Matinha;MA
Mat‰es;MA
Mat‰es do Norte;MA
Milagres do Maranh∆o;MA
Mirador;MA
Miranda do Norte;MA
Mirinzal;MA
Moná∆o;MA
Montes Altos;MA
Morros;MA
Nina Rodrigues;MA
Nova Colinas;MA
Nova Iorque;MA
Nova Olinda do Maranh∆o;MA
Olho DÔ†gua Das Cunh∆s;MA
Olinda Nova do Maranh∆o;MA
Paáo do Lumiar;MA
PalmeirÉndia;MA
Paraibano;MA
Parnarama;MA
Passagem Franca;MA
Pastos Bons;MA
Paulino Neves;MA
Paulo Ramos;MA
Pedreiras;MA
Pedro do Ros†rio;MA
Penalva;MA
Peri Mirim;MA
Peritor¢;MA
PindarÇ-mirim;MA
Pinheiro;MA
Pio Xii;MA
Pirapemas;MA
Poá∆o de Pedras;MA
Porto Franco;MA
Porto Rico do Maranh∆o;MA
Presidente Dutra;MA
Presidente Juscelino;MA
Presidente MÇdici;MA
Presidente Sarney;MA
Presidente Vargas;MA
Primeira Cruz;MA
Raposa;MA
Riach∆o;MA
Ribamar Fiquene;MA
Ros†rio;MA
Samba°ba;MA
Santa Filomena do Maranh∆o;MA
Santa Helena;MA
Santa Inàs;MA
Santa Luzia;MA
Santa Luzia do Paru†;MA
Santa QuitÇria do Maranh∆o;MA
Santa Rita;MA
Santana do Maranh∆o;MA
Santo Amaro do Maranh∆o;MA
Santo Antìnio Dos Lopes;MA
S∆o Benedito do Rio Preto;MA
S∆o Bento;MA
S∆o Bernardo;MA
S∆o Domingos do Azeit∆o;MA
S∆o Domingos do Maranh∆o;MA
S∆o FÇlix de Balsas;MA
S∆o Francisco do Brej∆o;MA
S∆o Francisco do Maranh∆o;MA
S∆o Jo∆o Batista;MA
S∆o Jo∆o do Car£;MA
S∆o Jo∆o do Para°so;MA
S∆o Jo∆o do Soter;MA
S∆o Jo∆o Dos Patos;MA
S∆o JosÇ de Ribamar;MA
S∆o JosÇ Dos Bas°lios;MA
S∆o Lu°s;MA
S∆o Lu°s Gonzaga do Maranh∆o;MA
S∆o Mateus do Maranh∆o;MA
S∆o Pedro da µgua Branca;MA
S∆o Pedro Dos Crentes;MA
S∆o Raimundo Das Mangabeiras;MA
S∆o Raimundo do Doca Bezerra;MA
S∆o Roberto;MA
S∆o Vicente Ferrer;MA
Satubinha;MA
Senador Alexandre Costa;MA
Senador la Rocque;MA
Serrano do Maranh∆o;MA
S°tio Novo;MA
Sucupira do Norte;MA
Sucupira do Riach∆o;MA
Tasso Fragoso;MA
Timbiras;MA
Timon;MA
Trizidela do Vale;MA
TufilÉndia;MA
Tuntum;MA
Turiaáu;MA
TurilÉndia;MA
Tut¢ia;MA
Urbano Santos;MA
Vargem Grande;MA
Viana;MA
Vila Nova Dos Mart°rios;MA
Vit¢ria do Mearim;MA
Vitorino Freire;MA
zÇ Doca;MA
Acau∆;PI
AgricolÉndia;PI
µgua Branca;PI
Alagoinha do Piau°;PI
Alegrete do Piau°;PI
Alto Long†;PI
Altos;PI
Alvorada do GurguÇia;PI
Amarante;PI
Angical do Piau°;PI
An°sio de Abreu;PI
Antìnio Almeida;PI
Aroazes;PI
Aroeiras do Itaim;PI
Arraial;PI
Assuná∆o do Piau°;PI
Avelino Lopes;PI
Baixa Grande do Ribeiro;PI
Barra DÔalcÉntara;PI
Barras;PI
Barreiras do Piau°;PI
Barro Duro;PI
Batalha;PI
Bela Vista do Piau°;PI
BelÇm do Piau°;PI
Beneditinos;PI
Bertol°nia;PI
BetÉnia do Piau°;PI
Boa Hora;PI
Bocaina;PI
Bom Jesus;PI
Bom Princ°pio do Piau°;PI
Bonfim do Piau°;PI
Boqueir∆o do Piau°;PI
Brasileira;PI
Brejo do Piau°;PI
Buriti Dos Lopes;PI
Buriti Dos Montes;PI
Cabeceiras do Piau°;PI
Cajazeiras do Piau°;PI
Cajueiro da Praia;PI
Caldeir∆o Grande do Piau°;PI
Campinas do Piau°;PI
Campo Alegre do Fidalgo;PI
Campo Grande do Piau°;PI
Campo Largo do Piau°;PI
Campo Maior;PI
Canavieira;PI
Canto do Buriti;PI
Capit∆o de Campos;PI
Capit∆o Gerv†sio Oliveira;PI
Caracol;PI
Cara£bas do Piau°;PI
Caridade do Piau°;PI
Castelo do Piau°;PI
Caxing¢;PI
Cocal;PI
Cocal de Telha;PI
Cocal Dos Alves;PI
Coivaras;PI
Colìnia do GurguÇia;PI
Colìnia do Piau°;PI
Conceiá∆o do CanindÇ;PI
Coronel JosÇ Dias;PI
Corrente;PI
CristalÉndia do Piau°;PI
Cristino Castro;PI
Curimat†;PI
Currais;PI
Curralinhos;PI
Curral Novo do Piau°;PI
Demerval Lob∆o;PI
Dirceu Arcoverde;PI
Dom Expedito Lopes;PI
Domingos Mour∆o;PI
Dom Inocàncio;PI
Elesb∆o Veloso;PI
Eliseu Martins;PI
Esperantina;PI
Fartura do Piau°;PI
Flores do Piau°;PI
Floresta do Piau°;PI
Floriano;PI
Francin¢polis;PI
Francisco Ayres;PI
Francisco Macedo;PI
Francisco Santos;PI
Fronteiras;PI
Geminiano;PI
GilbuÇs;PI
Guadalupe;PI
Guaribas;PI
Hugo Napole∆o;PI
Ilha Grande;PI
Inhuma;PI
Ipiranga do Piau°;PI
Isa°as Coelho;PI
Itain¢polis;PI
Itaueira;PI
Jacobina do Piau°;PI
Jaic¢s;PI
Jardim do Mulato;PI
Jatob† do Piau°;PI
Jerumenha;PI
Jo∆o Costa;PI
Joaquim Pires;PI
Joca Marques;PI
JosÇ de Freitas;PI
Juazeiro do Piau°;PI
J£lio Borges;PI
Jurema;PI
Lagoinha do Piau°;PI
Lagoa Alegre;PI
Lagoa do Barro do Piau°;PI
Lagoa de S∆o Francisco;PI
Lagoa do Piau°;PI
Lagoa do S°tio;PI
Landri Sales;PI
Lu°s Correia;PI
LuzilÉndia;PI
Madeiro;PI
Manoel Em°dio;PI
MarcolÉndia;PI
Marcos Parente;PI
Massapà do Piau°;PI
Matias Ol°mpio;PI
Miguel Alves;PI
Miguel Le∆o;PI
Milton Brand∆o;PI
Monsenhor Gil;PI
Monsenhor Hip¢lito;PI
Monte Alegre do Piau°;PI
Morro Cabeáa no Tempo;PI
Morro do ChapÇu do Piau°;PI
Murici Dos Portelas;PI
NazarÇ do Piau°;PI
Naz†ria;PI
Nossa Senhora de NazarÇ;PI
Nossa Senhora Dos RemÇdios;PI
Novo Oriente do Piau°;PI
Novo Santo Antìnio;PI
Oeiras;PI
Olho DÔ†gua do Piau°;PI
Padre Marcos;PI
Paes Landim;PI
Paje£ do Piau°;PI
Palmeira do Piau°;PI
Palmeirais;PI
Paquet†;PI
Parnagu†;PI
Parna°ba;PI
Passagem Franca do Piau°;PI
Patos do Piau°;PI
Pau DÔarco do Piau°;PI
Paulistana;PI
Pavussu;PI
Pedro ii;PI
Pedro Laurentino;PI
Nova Santa Rita;PI
Picos;PI
Pimenteiras;PI
Pio ix;PI
Piracuruca;PI
Piripiri;PI
Porto;PI
Porto Alegre do Piau°;PI
Prata do Piau°;PI
Queimada Nova;PI
Redená∆o do GurguÇia;PI
Regeneraá∆o;PI
Riacho Frio;PI
Ribeira do Piau°;PI
Ribeiro Gonáalves;PI
Rio Grande do Piau°;PI
Santa Cruz do Piau°;PI
Santa Cruz Dos Milagres;PI
Santa Filomena;PI
Santa Luz;PI
Santana do Piau°;PI
Santa Rosa do Piau°;PI
Santo Antìnio de Lisboa;PI
Santo Antìnio Dos Milagres;PI
Santo In†cio do Piau°;PI
S∆o Braz do Piau°;PI
S∆o FÇlix do Piau°;PI
S∆o Francisco de Assis do Piau°;PI
S∆o Francisco do Piau°;PI
S∆o Gonáalo do GurguÇia;PI
S∆o Gonáalo do Piau°;PI
S∆o Jo∆o da Canabrava;PI
S∆o Jo∆o da Fronteira;PI
S∆o Jo∆o da Serra;PI
S∆o Jo∆o da Varjota;PI
S∆o Jo∆o do Arraial;PI
S∆o Jo∆o do Piau°;PI
S∆o JosÇ do Divino;PI
S∆o JosÇ do Peixe;PI
S∆o JosÇ do Piau°;PI
S∆o Juli∆o;PI
S∆o Lourenáo do Piau°;PI
S∆o Luis do Piau°;PI
S∆o Miguel da Baixa Grande;PI
S∆o Miguel do Fidalgo;PI
S∆o Miguel do Tapuio;PI
S∆o Pedro do Piau°;PI
S∆o Raimundo Nonato;PI
Sebasti∆o Barros;PI
Sebasti∆o Leal;PI
Sigefredo Pacheco;PI
Sim‰es;PI
Simpl°cio Mendes;PI
Socorro do Piau°;PI
Sussuapara;PI
Tamboril do Piau°;PI
Tanque do Piau°;PI
Teresina;PI
Uni∆o;PI
Uruáu°;PI
Valenáa do Piau°;PI
V†rzea Branca;PI
V†rzea Grande;PI
Vera Mendes;PI
Vila Nova do Piau°;PI
Wall Ferraz;PI
Abaiara;CE
AcarapÇ;CE
Acara£;CE
Acopiara;CE
Aiuaba;CE
AlcÉntaras;CE
Altaneira;CE
Alto Santo;CE
Amontada;CE
Antonina do Norte;CE
ApuiarÇs;CE
Aquiraz;CE
Aracati;CE
Aracoiaba;CE
Ararend†;CE
Araripe;CE
Aratuba;CE
Arneiroz;CE
AssarÇ;CE
Aurora;CE
Baixio;CE
Banabui£;CE
Barbalha;CE
Barreira;CE
Barro;CE
Barroquinha;CE
BaturitÇ;CE
Beberibe;CE
Bela Cruz;CE
Boa Viagem;CE
Brejo Santo;CE
Camocim;CE
Campos Sales;CE
CanindÇ;CE
Capistrano;CE
Caridade;CE
CarirÇ;CE
Caririaáu;CE
Cari£s;CE
Carnaubal;CE
Cascavel;CE
Catarina;CE
Catunda;CE
Caucaia;CE
Cedro;CE
Chaval;CE
Chor¢;CE
Chorozinho;CE
Corea£;CE
Crate£s;CE
Crato;CE
Croat†;CE
Cruz;CE
Deputado Irapuan Pinheiro;CE
Ererà;CE
EusÇbio;CE
Farias Brito;CE
Forquilha;CE
Fortaleza;CE
Fortim;CE
Frecheirinha;CE
General Sampaio;CE
Graáa;CE
Granja;CE
Granjeiro;CE
Groa°ras;CE
Guai£ba;CE
Guaraciaba do Norte;CE
Guaramiranga;CE
HidrolÉndia;CE
Horizonte;CE
Ibaretama;CE
Ibiapina;CE
Ibicuitinga;CE
Icapu°;CE
Ic¢;CE
Iguatu;CE
Independància;CE
Ipaporanga;CE
Ipaumirim;CE
Ipu;CE
Ipueiras;CE
Iracema;CE
Irauáuba;CE
Itaiáaba;CE
Itaitinga;CE
ItapagÇ;CE
Itapipoca;CE
Itapi£na;CE
Itarema;CE
Itatira;CE
Jaguaretama;CE
Jaguaribara;CE
Jaguaribe;CE
Jaguaruana;CE
Jardim;CE
Jati;CE
Jijoca de Jericoacoara;CE
Juazeiro do Norte;CE
Juc†s;CE
Lavras da Mangabeira;CE
Limoeiro do Norte;CE
Madalena;CE
Maracana£;CE
Maranguape;CE
Marco;CE
Martin¢pole;CE
Massapà;CE
Mauriti;CE
Meruoca;CE
Milagres;CE
Milh∆;CE
Mira°ma;CE
Miss∆o Velha;CE
Mombaáa;CE
Monsenhor Tabosa;CE
Morada Nova;CE
Mora£jo;CE
Morrinhos;CE
Mucambo;CE
Mulungu;CE
Nova Olinda;CE
Nova Russas;CE
Novo Oriente;CE
Ocara;CE
Or¢s;CE
Pacajus;CE
Pacatuba;CE
Pacoti;CE
Pacuj†;CE
Palhano;CE
Palm†cia;CE
Paracuru;CE
Paraipaba;CE
Parambu;CE
Paramoti;CE
Pedra Branca;CE
Penaforte;CE
Pentecoste;CE
Pereiro;CE
Pindoretama;CE
Piquet Carneiro;CE
Pires Ferreira;CE
Poranga;CE
Porteiras;CE
Potengi;CE
Potiretama;CE
Quiterian¢polis;CE
Quixad†;CE
Quixelì;CE
Quixeramobim;CE
QuixerÇ;CE
Redená∆o;CE
Reriutaba;CE
Russas;CE
Saboeiro;CE
Salitre;CE
Santana do Acara£;CE
Santana do Cariri;CE
Santa QuitÇria;CE
S∆o Benedito;CE
S∆o Gonáalo do Amarante;CE
S∆o Jo∆o do Jaguaribe;CE
S∆o Lu°s do Curu;CE
Senador Pompeu;CE
Senador s†;CE
Sobral;CE
Solon¢pole;CE
Tabuleiro do Norte;CE
Tamboril;CE
Tarrafas;CE
Tau†;CE
Tejuáuoca;CE
Tiangu†;CE
Trairi;CE
Tururu;CE
Ubajara;CE
Umari;CE
Umirim;CE
Uruburetama;CE
Uruoca;CE
Varjota;CE
V†rzea Alegre;CE
Viáosa do Cear†;CE
Acari;RN
Aáu;RN
Afonso Bezerra;RN
µgua Nova;RN
Alexandria;RN
Almino Afonso;RN
Alto do Rodrigues;RN
Angicos;RN
Antìnio Martins;RN
Apodi;RN
Areia Branca;RN
Aràs;RN
Augusto Severo;RN
Ba°a Formosa;RN
Bara£na;RN
Barcelona;RN
Bento Fernandes;RN
Bod¢;RN
Bom Jesus;RN
Brejinho;RN
Caiáara do Norte;RN
Caiáara do Rio do Vento;RN
Caic¢;RN
Campo Redondo;RN
Canguaretama;RN
Cara£bas;RN
Carna£ba Dos Dantas;RN
Carnaubais;RN
Cear†-mirim;RN
Cerro Cor†;RN
Coronel Ezequiel;RN
Coronel Jo∆o Pessoa;RN
Cruzeta;RN
Currais Novos;RN
Doutor Severiano;RN
Parnamirim;RN
Encanto;RN
Equador;RN
Esp°rito Santo;RN
Extremoz;RN
Felipe Guerra;RN
Fernando Pedroza;RN
FlorÉnia;RN
Francisco Dantas;RN
Frutuoso Gomes;RN
Galinhos;RN
Goianinha;RN
Governador Dix-sept Rosado;RN
Grossos;RN
GuamarÇ;RN
Ielmo Marinho;RN
Ipanguaáu;RN
Ipueira;RN
Itaj†;RN
Ita£;RN
Jaáan∆;RN
Janda°ra;RN
Jandu°s;RN
Janu†rio Cicco;RN
Japi;RN
Jardim de Angicos;RN
Jardim de Piranhas;RN
Jardim do Serid¢;RN
Jo∆o CÉmara;RN
Jo∆o Dias;RN
JosÇ da Penha;RN
Jucurutu;RN
Jundi†;RN
Lagoa DÔanta;RN
Lagoa de Pedras;RN
Lagoa de Velhos;RN
Lagoa Nova;RN
Lagoa Salgada;RN
Lajes;RN
Lajes Pintadas;RN
LucrÇcia;RN
Lu°s Gomes;RN
Maca°ba;RN
Macau;RN
Major Sales;RN
Marcelino Vieira;RN
Martins;RN
Maxaranguape;RN
Messias Targino;RN
Montanhas;RN
Monte Alegre;RN
Monte Das Gameleiras;RN
Mossor¢;RN
Natal;RN
N°sia Floresta;RN
Nova Cruz;RN
Olho-dԆgua do Borges;RN
Ouro Branco;RN
Paran†;RN
Para£;RN
Parazinho;RN
Parelhas;RN
Rio do Fogo;RN
Passa e Fica;RN
Passagem;RN
Patu;RN
Santa Maria;RN
Pau Dos Ferros;RN
Pedra Grande;RN
Pedra Preta;RN
Pedro Avelino;RN
Pedro Velho;RN
Pendàncias;RN
Pil‰es;RN
Poáo Branco;RN
Portalegre;RN
Porto do Mangue;RN
Presidente Juscelino;RN
Pureza;RN
Rafael Fernandes;RN
Rafael Godeiro;RN
Riacho da Cruz;RN
Riacho de Santana;RN
Riachuelo;RN
Rodolfo Fernandes;RN
Tibau;RN
Ruy Barbosa;RN
Santa Cruz;RN
Santana do Matos;RN
Santana do Serid¢;RN
Santo Antìnio;RN
S∆o Bento do Norte;RN
S∆o Bento do Trair°;RN
S∆o Fernando;RN
S∆o Francisco do Oeste;RN
S∆o Gonáalo do Amarante;RN
S∆o Jo∆o do Sabugi;RN
S∆o JosÇ de Mipibu;RN
S∆o JosÇ do Campestre;RN
S∆o JosÇ do Serid¢;RN
S∆o Miguel;RN
S∆o Miguel do Gostoso;RN
S∆o Paulo do Potengi;RN
S∆o Pedro;RN
S∆o Rafael;RN
S∆o TomÇ;RN
S∆o Vicente;RN
Senador El¢i de Souza;RN
Senador Georgino Avelino;RN
Serra de S∆o Bento;RN
Serra do Mel;RN
Serra Negra do Norte;RN
Serrinha;RN
Serrinha Dos Pintos;RN
Severiano Melo;RN
S°tio Novo;RN
Taboleiro Grande;RN
Taipu;RN
Tangar†;RN
Tenente Ananias;RN
Tenente Laurentino Cruz;RN
Tibau do Sul;RN
Timba£ba Dos Batistas;RN
Touros;RN
Triunfo Potiguar;RN
Umarizal;RN
Upanema;RN
V†rzea;RN
Venha-ver;RN
Vera Cruz;RN
Viáosa;RN
Vila Flor;RN
µgua Branca;PB
Aguiar;PB
Alagoa Grande;PB
Alagoa Nova;PB
Alagoinha;PB
Alcantil;PB
Algod∆o de Janda°ra;PB
Alhandra;PB
S∆o Jo∆o do Rio do Peixe;PB
Amparo;PB
Aparecida;PB
Araáagi;PB
Arara;PB
Araruna;PB
Areia;PB
Areia de Bara£nas;PB
Areial;PB
Aroeiras;PB
Assuná∆o;PB
Ba°a da Traiá∆o;PB
Bananeiras;PB
Bara£na;PB
Barra de Santana;PB
Barra de Santa Rosa;PB
Barra de S∆o Miguel;PB
Bayeux;PB
BelÇm;PB
BelÇm do Brejo do Cruz;PB
Bernardino Batista;PB
Boa Ventura;PB
Boa Vista;PB
Bom Jesus;PB
Bom Sucesso;PB
Bonito de Santa fÇ;PB
Boqueir∆o;PB
Igaracy;PB
Borborema;PB
Brejo do Cruz;PB
Brejo Dos Santos;PB
Caapor∆;PB
Cabaceiras;PB
Cabedelo;PB
Cachoeira Dos ÷ndios;PB
Cacimba de Areia;PB
Cacimba de Dentro;PB
Cacimbas;PB
Caiáara;PB
Cajazeiras;PB
Cajazeirinhas;PB
Caldas Brand∆o;PB
Camala£;PB
Campina Grande;PB
Capim;PB
Cara£bas;PB
Carrapateira;PB
Casserengue;PB
Catingueira;PB
CatolÇ do Rocha;PB
CaturitÇ;PB
Conceiá∆o;PB
Condado;PB
Conde;PB
Congo;PB
Coremas;PB
Coxixola;PB
Cruz do Esp°rito Santo;PB
Cubati;PB
CuitÇ;PB
Cuitegi;PB
CuitÇ de Mamanguape;PB
Curral de Cima;PB
Curral Velho;PB
Dami∆o;PB
Desterro;PB
Vista Serrana;PB
Diamante;PB
Dona Inàs;PB
Duas Estradas;PB
Emas;PB
Esperanáa;PB
Fagundes;PB
Frei Martinho;PB
Gado Bravo;PB
Guarabira;PB
GurinhÇm;PB
Gurj∆o;PB
Ibiara;PB
Imaculada;PB
Ing†;PB
Itabaiana;PB
Itaporanga;PB
Itapororoca;PB
Itatuba;PB
Jacara£;PB
Jeric¢;PB
Jo∆o Pessoa;PB
Juarez T†vora;PB
Juazeirinho;PB
Junco do Serid¢;PB
Juripiranga;PB
Juru;PB
Lagoa;PB
Lagoa de Dentro;PB
Lagoa Seca;PB
Lastro;PB
Livramento;PB
Logradouro;PB
Lucena;PB
M∆e DÔ†gua;PB
Malta;PB
Mamanguape;PB
Mana°ra;PB
Marcaá∆o;PB
Mari;PB
Mariz¢polis;PB
Massaranduba;PB
Mataraca;PB
Matinhas;PB
Mato Grosso;PB
MaturÇia;PB
Mogeiro;PB
Montadas;PB
Monte Horebe;PB
Monteiro;PB
Mulungu;PB
Natuba;PB
Nazarezinho;PB
Nova Floresta;PB
Nova Olinda;PB
Nova Palmeira;PB
Olho DԆgua;PB
Olivedos;PB
Ouro Velho;PB
Parari;PB
Passagem;PB
Patos;PB
Paulista;PB
Pedra Branca;PB
Pedra Lavrada;PB
Pedras de Fogo;PB
Pianc¢;PB
Picu°;PB
Pilar;PB
Pil‰es;PB
Pil‰ezinhos;PB
Pirpirituba;PB
Pitimbu;PB
Pocinhos;PB
Poáo Dantas;PB
Poáo de JosÇ de Moura;PB
Pombal;PB
Prata;PB
Princesa Isabel;PB
Puxinan∆;PB
Queimadas;PB
Quixab†;PB
Rem°gio;PB
Pedro RÇgis;PB
Riach∆o;PB
Riach∆o do Bacamarte;PB
Riach∆o do Poáo;PB
Riacho de Santo Antìnio;PB
Riacho Dos Cavalos;PB
Rio Tinto;PB
Salgadinho;PB
Salgado de S∆o FÇlix;PB
Santa Cec°lia;PB
Santa Cruz;PB
Santa Helena;PB
Santa Inàs;PB
Santa Luzia;PB
Santana de Mangueira;PB
Santana Dos Garrotes;PB
SantarÇm;PB
Santa Rita;PB
Santa Teresinha;PB
Santo AndrÇ;PB
S∆o Bento;PB
S∆o Bentinho;PB
S∆o Domingos do Cariri;PB
S∆o Domingos de Pombal;PB
S∆o Francisco;PB
S∆o Jo∆o do Cariri;PB
S∆o Jo∆o do Tigre;PB
S∆o JosÇ da Lagoa Tapada;PB
S∆o JosÇ de Caiana;PB
S∆o JosÇ de Espinharas;PB
S∆o JosÇ Dos Ramos;PB
S∆o JosÇ de Piranhas;PB
S∆o JosÇ de Princesa;PB
S∆o JosÇ do Bonfim;PB
S∆o JosÇ do Brejo do Cruz;PB
S∆o JosÇ do Sabugi;PB
S∆o JosÇ Dos Cordeiros;PB
S∆o Mamede;PB
S∆o Miguel de Taipu;PB
S∆o Sebasti∆o de Lagoa de Roáa;PB
S∆o Sebasti∆o do Umbuzeiro;PB
SapÇ;PB
Serid¢;PB
Serra Branca;PB
Serra da Raiz;PB
Serra Grande;PB
Serra Redonda;PB
Serraria;PB
Sert∆ozinho;PB
Sobrado;PB
SolÉnea;PB
Soledade;PB
Sossàgo;PB
Sousa;PB
SumÇ;PB
Campo de Santana;PB
Tapero†;PB
Tavares;PB
Teixeira;PB
Ten¢rio;PB
Triunfo;PB
Uira£na;PB
Umbuzeiro;PB
V†rzea;PB
Vieir¢polis;PB
Zabelà;PB
Abreu e Lima;PE
Afogados da Ingazeira;PE
AfrÉnio;PE
Agrestina;PE
µgua Preta;PE
µguas Belas;PE
Alagoinha;PE
Alianáa;PE
Altinho;PE
Amaraji;PE
Angelim;PE
Araáoiaba;PE
Araripina;PE
Arcoverde;PE
Barra de Guabiraba;PE
Barreiros;PE
BelÇm de Maria;PE
BelÇm de S∆o Francisco;PE
Belo Jardim;PE
BetÉnia;PE
Bezerros;PE
Bodoc¢;PE
Bom Conselho;PE
Bom Jardim;PE
Bonito;PE
Brej∆o;PE
Brejinho;PE
Brejo da Madre de Deus;PE
Buenos Aires;PE
Bu°que;PE
Cabo de Santo Agostinho;PE
Cabrob¢;PE
Cachoeirinha;PE
CaetÇs;PE
Caláado;PE
Calumbi;PE
Camaragibe;PE
Camocim de S∆o FÇlix;PE
Camutanga;PE
Canhotinho;PE
Capoeiras;PE
Carna°ba;PE
Carnaubeira da Penha;PE
Carpina;PE
Caruaru;PE
Casinhas;PE
Catende;PE
Cedro;PE
Ch∆ de Alegria;PE
Ch∆ Grande;PE
Condado;PE
Correntes;PE
Cortàs;PE
Cumaru;PE
Cupira;PE
Cust¢dia;PE
Dormentes;PE
Escada;PE
Exu;PE
Feira Nova;PE
Fernando de Noronha;PE
Ferreiros;PE
Flores;PE
Floresta;PE
Frei Miguelinho;PE
Gameleira;PE
Garanhuns;PE
Gl¢ria do Goit†;PE
Goiana;PE
Granito;PE
Gravat†;PE
Iati;PE
Ibimirim;PE
Ibirajuba;PE
Igarassu;PE
Iguaraci;PE
Inaj†;PE
Ingazeira;PE
Ipojuca;PE
Ipubi;PE
Itacuruba;PE
Ita°ba;PE
Ilha de Itamarac†;PE
ItambÇ;PE
Itapetim;PE
Itapissuma;PE
Itaquitinga;PE
Jaboat∆o Dos Guararapes;PE
Jaqueira;PE
Jata£ba;PE
Jatob†;PE
Jo∆o Alfredo;PE
Joaquim Nabuco;PE
Jucati;PE
Jupi;PE
Jurema;PE
Lagoa do Carro;PE
Lagoa do Itaenga;PE
Lagoa do Ouro;PE
Lagoa Dos Gatos;PE
Lagoa Grande;PE
Lajedo;PE
Limoeiro;PE
Macaparana;PE
Machados;PE
Manari;PE
Maraial;PE
Mirandiba;PE
Moreno;PE
NazarÇ da Mata;PE
Olinda;PE
Orob¢;PE
Oroc¢;PE
Ouricuri;PE
Palmares;PE
Palmeirina;PE
Panelas;PE
Paranatama;PE
Parnamirim;PE
Passira;PE
Paudalho;PE
Paulista;PE
Pedra;PE
Pesqueira;PE
PetrolÉndia;PE
Petrolina;PE
Poá∆o;PE
Pombos;PE
Primavera;PE
Quipap†;PE
Quixaba;PE
Recife;PE
Riacho Das Almas;PE
Ribeir∆o;PE
Rio Formoso;PE
SairÇ;PE
Salgadinho;PE
Salgueiro;PE
Salo†;PE
Sanhar¢;PE
Santa Cruz;PE
Santa Cruz da Baixa Verde;PE
Santa Cruz do Capibaribe;PE
Santa Filomena;PE
Santa Maria da Boa Vista;PE
Santa Maria do Cambuc†;PE
Santa Terezinha;PE
S∆o Benedito do Sul;PE
S∆o Bento do Una;PE
S∆o Caitano;PE
S∆o Jo∆o;PE
S∆o Joaquim do Monte;PE
S∆o JosÇ da Coroa Grande;PE
S∆o JosÇ do Belmonte;PE
S∆o JosÇ do Egito;PE
S∆o Lourenáo da Mata;PE
S∆o Vicente Ferrer;PE
Serra Talhada;PE
Serrita;PE
SertÉnia;PE
SirinhaÇm;PE
MoreilÉndia;PE
Solid∆o;PE
Surubim;PE
Tabira;PE
Tacaimb¢;PE
Tacaratu;PE
TamandarÇ;PE
Taquaritinga do Norte;PE
Terezinha;PE
Terra Nova;PE
Timba£ba;PE
Toritama;PE
TracunhaÇm;PE
Trindade;PE
Triunfo;PE
Tupanatinga;PE
Tuparetama;PE
Venturosa;PE
Verdejante;PE
Vertente do LÇrio;PE
Vertentes;PE
Vicància;PE
Vit¢ria de Santo Ant∆o;PE
XexÇu;PE
µgua Branca;AL
Anadia;AL
Arapiraca;AL
Atalaia;AL
Barra de Santo Antìnio;AL
Barra de S∆o Miguel;AL
Batalha;AL
BelÇm;AL
Belo Monte;AL
Boca da Mata;AL
Branquinha;AL
Cacimbinhas;AL
Cajueiro;AL
Campestre;AL
Campo Alegre;AL
Campo Grande;AL
Canapi;AL
Capela;AL
Carneiros;AL
Ch∆ Preta;AL
CoitÇ do N¢ia;AL
Colìnia Leopoldina;AL
Coqueiro Seco;AL
Coruripe;AL
Cra°bas;AL
Delmiro Gouveia;AL
Dois Riachos;AL
Estrela de Alagoas;AL
Feira Grande;AL
Feliz Deserto;AL
Flexeiras;AL
Girau do Ponciano;AL
Ibateguara;AL
Igaci;AL
Igreja Nova;AL
Inhapi;AL
JacarÇ Dos Homens;AL
Jacu°pe;AL
Japaratinga;AL
Jaramataia;AL
Jequi† da Praia;AL
Joaquim Gomes;AL
Jundi†;AL
Junqueiro;AL
Lagoa da Canoa;AL
Limoeiro de Anadia;AL
Macei¢;AL
Major Isidoro;AL
Maragogi;AL
Maravilha;AL
Marechal Deodoro;AL
Maribondo;AL
Mar Vermelho;AL
Mata Grande;AL
Matriz de Camaragibe;AL
Messias;AL
Minador do Negr∆o;AL
Monteir¢polis;AL
Murici;AL
Novo Lino;AL
Olho DԆgua Das Flores;AL
Olho DԆgua do Casado;AL
Olho DԆgua Grande;AL
Olivenáa;AL
Ouro Branco;AL
Palestina;AL
Palmeira Dos ÷ndios;AL
P∆o de Aá£car;AL
Pariconha;AL
Paripueira;AL
Passo de Camaragibe;AL
Paulo Jacinto;AL
Penedo;AL
Piaáabuáu;AL
Pilar;AL
Pindoba;AL
Piranhas;AL
Poáo Das Trincheiras;AL
Porto Calvo;AL
Porto de Pedras;AL
Porto Real do ColÇgio;AL
Quebrangulo;AL
Rio Largo;AL
Roteiro;AL
Santa Luzia do Norte;AL
Santana do Ipanema;AL
Santana do Munda£;AL
S∆o Br†s;AL
S∆o JosÇ da Laje;AL
S∆o JosÇ da Tapera;AL
S∆o Lu°s do Quitunde;AL
S∆o Miguel Dos Campos;AL
S∆o Miguel Dos Milagres;AL
S∆o Sebasti∆o;AL
Satuba;AL
Senador Rui Palmeira;AL
Tanque DÔarca;AL
Taquarana;AL
Teotìnio Vilela;AL
Traipu;AL
Uni∆o Dos Palmares;AL
Viáosa;AL
Amparo de S∆o Francisco;SE
Aquidab∆;SE
Aracaju;SE
Arau†;SE
Areia Branca;SE
Barra Dos Coqueiros;SE
Boquim;SE
Brejo Grande;SE
Campo do Brito;SE
Canhoba;SE
CanindÇ de S∆o Francisco;SE
Capela;SE
Carira;SE
Carm¢polis;SE
Cedro de S∆o Jo∆o;SE
Cristin†polis;SE
Cumbe;SE
Divina Pastora;SE
EstÉncia;SE
Feira Nova;SE
Frei Paulo;SE
Gararu;SE
General Maynard;SE
Gracho Cardoso;SE
Ilha Das Flores;SE
Indiaroba;SE
Itabaiana;SE
Itabaianinha;SE
Itabi;SE
Itaporanga DÔajuda;SE
Japaratuba;SE
Japoat∆;SE
Lagarto;SE
Laranjeiras;SE
Macambira;SE
Malhada Dos Bois;SE
Malhador;SE
Maruim;SE
Moita Bonita;SE
Monte Alegre de Sergipe;SE
Muribeca;SE
Ne¢polis;SE
Nossa Senhora Aparecida;SE
Nossa Senhora da Gl¢ria;SE
Nossa Senhora Das Dores;SE
Nossa Senhora de Lourdes;SE
Nossa Senhora do Socorro;SE
Pacatuba;SE
Pedra Mole;SE
Pedrinhas;SE
Pinh∆o;SE
Pirambu;SE
Poáo Redondo;SE
Poáo Verde;SE
Porto da Folha;SE
Propri†;SE
Riach∆o do Dantas;SE
Riachuelo;SE
Ribeir¢polis;SE
Ros†rio do Catete;SE
Salgado;SE
Santa Luzia do Itanhy;SE
Santana do S∆o Francisco;SE
Santa Rosa de Lima;SE
Santo Amaro Das Brotas;SE
S∆o Crist¢v∆o;SE
S∆o Domingos;SE
S∆o Francisco;SE
S∆o Miguel do Aleixo;SE
Sim∆o Dias;SE
Siriri;SE
Telha;SE
Tobias Barreto;SE
Tomar do Geru;SE
Umba£ba;SE
Aba°ra;BA
AbarÇ;BA
Acajutiba;BA
Adustina;BA
µgua Fria;BA
êrico Cardoso;BA
Aiquara;BA
Alagoinhas;BA
Alcobaáa;BA
Almadina;BA
Amargosa;BA
AmÇlia Rodrigues;BA
AmÇrica Dourada;BA
AnagÇ;BA
Andara°;BA
Andorinha;BA
Angical;BA
Anguera;BA
Antas;BA
Antìnio Cardoso;BA
Antìnio Gonáalves;BA
Apor†;BA
Apuarema;BA
Aracatu;BA
Araáas;BA
Araci;BA
Aramari;BA
Arataca;BA
Aratu°pe;BA
Aurelino Leal;BA
Baian¢polis;BA
Baixa Grande;BA
Banzaà;BA
Barra;BA
Barra da Estiva;BA
Barra do Choáa;BA
Barra do Mendes;BA
Barra do Rocha;BA
Barreiras;BA
Barro Alto;BA
Barrocas;BA
Governador Lomanto J£nior;BA
Belmonte;BA
Belo Campo;BA
Biritinga;BA
Boa Nova;BA
Boa Vista do Tupim;BA
Bom Jesus da Lapa;BA
Bom Jesus da Serra;BA
Boninal;BA
Bonito;BA
Boquira;BA
Botupor∆;BA
Brej‰es;BA
BrejolÉndia;BA
Brotas de Maca£bas;BA
Brumado;BA
Buerarema;BA
Buritirama;BA
Caatiba;BA
Cabaceiras do Paraguaáu;BA
Cachoeira;BA
CaculÇ;BA
CaÇm;BA
Caetanos;BA
CaetitÇ;BA
Cafarnaum;BA
Cairu;BA
Caldeir∆o Grande;BA
Camacan;BA
Camaáari;BA
Camamu;BA
Campo Alegre de Lourdes;BA
Campo Formoso;BA
Can†polis;BA
Canarana;BA
Canavieiras;BA
Candeal;BA
Candeias;BA
Candiba;BA
CÉndido Sales;BA
Cansaná∆o;BA
Canudos;BA
Capela do Alto Alegre;BA
Capim Grosso;BA
Cara°bas;BA
Caravelas;BA
Cardeal da Silva;BA
Carinhanha;BA
Casa Nova;BA
Castro Alves;BA
CatolÉndia;BA
Catu;BA
Caturama;BA
Central;BA
Chorroch¢;BA
C°cero Dantas;BA
Cip¢;BA
Coaraci;BA
Cocos;BA
Conceiá∆o da Feira;BA
Conceiá∆o do Almeida;BA
Conceiá∆o do CoitÇ;BA
Conceiá∆o do Jacu°pe;BA
Conde;BA
Conde£ba;BA
Contendas do Sincor†;BA
Coraá∆o de Maria;BA
Cordeiros;BA
Coribe;BA
Coronel Jo∆o s†;BA
Correntina;BA
Cotegipe;BA
CravolÉndia;BA
Cris¢polis;BA
Crist¢polis;BA
Cruz Das Almas;BA
Curaá†;BA
D†rio Meira;BA
Dias DԆvila;BA
Dom Bas°lio;BA
Dom Macedo Costa;BA
El°sio Medrado;BA
Encruzilhada;BA
Entre Rios;BA
Esplanada;BA
Euclides da Cunha;BA
Eun†polis;BA
F†tima;BA
Feira da Mata;BA
Feira de Santana;BA
FiladÇlfia;BA
Firmino Alves;BA
Floresta Azul;BA
Formosa do Rio Preto;BA
Gandu;BA
Gavi∆o;BA
Gentio do Ouro;BA
Gl¢ria;BA
Gongogi;BA
Governador Mangabeira;BA
Guajeru;BA
Guanambi;BA
Guaratinga;BA
Heli¢polis;BA
Iaáu;BA
Ibiassucà;BA
Ibicara°;BA
Ibicoara;BA
Ibicu°;BA
Ibipeba;BA
Ibipitanga;BA
Ibiquera;BA
Ibirapitanga;BA
Ibirapu∆;BA
Ibirataia;BA
Ibitiara;BA
Ibitit†;BA
Ibotirama;BA
Ichu;BA
Igapor∆;BA
Igrapi£na;BA
Igua°;BA
IlhÇus;BA
Inhambupe;BA
Ipecaet†;BA
Ipia£;BA
Ipir†;BA
Ipupiara;BA
Irajuba;BA
Iramaia;BA
Iraquara;BA
Irar†;BA
Irecà;BA
Itabela;BA
Itaberaba;BA
Itabuna;BA
ItacarÇ;BA
ItaetÇ;BA
Itagi;BA
Itagib†;BA
Itagimirim;BA
Itaguaáu da Bahia;BA
Itaju do Colìnia;BA
Itaju°pe;BA
Itamaraju;BA
Itamari;BA
ItambÇ;BA
Itanagra;BA
ItanhÇm;BA
Itaparica;BA
ItapÇ;BA
Itapebi;BA
Itapetinga;BA
Itapicuru;BA
Itapitanga;BA
Itaquara;BA
Itarantim;BA
Itatim;BA
Itiruáu;BA
Iti£ba;BA
Itoror¢;BA
Ituaáu;BA
Ituber†;BA
Iui£;BA
Jaborandi;BA
Jacaraci;BA
Jacobina;BA
Jaguaquara;BA
Jaguarari;BA
Jaguaripe;BA
Janda°ra;BA
JequiÇ;BA
Jeremoabo;BA
Jiquiriá†;BA
Jita£na;BA
Jo∆o Dourado;BA
Juazeiro;BA
Jucuruáu;BA
Jussara;BA
Jussari;BA
Jussiape;BA
Lafaiete Coutinho;BA
Lagoa Real;BA
Laje;BA
Lajed∆o;BA
Lajedinho;BA
Lajedo do Tabocal;BA
Lamar∆o;BA
Lap∆o;BA
Lauro de Freitas;BA
Lená¢is;BA
Lic°nio de Almeida;BA
Livramento de Nossa Senhora;BA
Lu°s Eduardo Magalh∆es;BA
Macajuba;BA
Macarani;BA
Maca£bas;BA
MacururÇ;BA
Madre de Deus;BA
Maetinga;BA
Maiquinique;BA
Mairi;BA
Malhada;BA
Malhada de Pedras;BA
Manoel Vitorino;BA
Mansid∆o;BA
Marac†s;BA
Maragogipe;BA
Mara£;BA
Marcion°lio Souza;BA
Mascote;BA
Mata de S∆o Jo∆o;BA
Matina;BA
Medeiros Neto;BA
Miguel Calmon;BA
Milagres;BA
Mirangaba;BA
Mirante;BA
Monte Santo;BA
Morpar†;BA
Morro do ChapÇu;BA
Mortugaba;BA
Mucugà;BA
Mucuri;BA
Mulungu do Morro;BA
Mundo Novo;BA
Muniz Ferreira;BA
MuquÇm de S∆o Francisco;BA
Muritiba;BA
Mutu°pe;BA
NazarÇ;BA
Nilo Peáanha;BA
Nordestina;BA
Nova Cana∆;BA
Nova F†tima;BA
Nova Ibi†;BA
Nova Itarana;BA
Nova Redená∆o;BA
Nova Soure;BA
Nova Viáosa;BA
Novo Horizonte;BA
Novo Triunfo;BA
Olindina;BA
Oliveira Dos Brejinhos;BA
Ouriáangas;BA
OurolÉndia;BA
Palmas de Monte Alto;BA
Palmeiras;BA
Paramirim;BA
Paratinga;BA
Paripiranga;BA
Pau Brasil;BA
Paulo Afonso;BA
pÇ de Serra;BA
Pedr∆o;BA
Pedro Alexandre;BA
Piat∆;BA
Pil∆o Arcado;BA
Pinda°;BA
Pindobaáu;BA
Pintadas;BA
Pira° do Norte;BA
Pirip†;BA
Piritiba;BA
Planaltino;BA
Planalto;BA
Poá‰es;BA
Pojuca;BA
Ponto Novo;BA
Porto Seguro;BA
Potiragu†;BA
Prado;BA
Presidente Dutra;BA
Presidente JÉnio Quadros;BA
Presidente Tancredo Neves;BA
Queimadas;BA
Quijingue;BA
Quixabeira;BA
Rafael Jambeiro;BA
Remanso;BA
RetirolÉndia;BA
Riach∆o Das Neves;BA
Riach∆o do Jacu°pe;BA
Riacho de Santana;BA
Ribeira do Amparo;BA
Ribeira do Pombal;BA
Ribeir∆o do Largo;BA
Rio de Contas;BA
Rio do Antìnio;BA
Rio do Pires;BA
Rio Real;BA
Rodelas;BA
Ruy Barbosa;BA
Salinas da Margarida;BA
Salvador;BA
Santa B†rbara;BA
Santa Br°gida;BA
Santa Cruz Cabr†lia;BA
Santa Cruz da Vit¢ria;BA
Santa Inàs;BA
Santaluz;BA
Santa Luzia;BA
Santa Maria da Vit¢ria;BA
Santana;BA
Santan¢polis;BA
Santa Rita de C†ssia;BA
Santa Teresinha;BA
Santo Amaro;BA
Santo Antìnio de Jesus;BA
Santo Estàv∆o;BA
S∆o DesidÇrio;BA
S∆o Domingos;BA
S∆o FÇlix;BA
S∆o FÇlix do Coribe;BA
S∆o Felipe;BA
S∆o Francisco do Conde;BA
S∆o Gabriel;BA
S∆o Gonáalo Dos Campos;BA
S∆o JosÇ da Vit¢ria;BA
S∆o JosÇ do Jacu°pe;BA
S∆o Miguel Das Matas;BA
S∆o Sebasti∆o do PassÇ;BA
Sapeaáu;BA
S†tiro Dias;BA
Saubara;BA
Sa£de;BA
Seabra;BA
Sebasti∆o Laranjeiras;BA
Senhor do Bonfim;BA
Serra do Ramalho;BA
Sento sÇ;BA
Serra Dourada;BA
Serra Preta;BA
Serrinha;BA
SerrolÉndia;BA
Sim‰es Filho;BA
S°tio do Mato;BA
S°tio do Quinto;BA
Sobradinho;BA
Souto Soares;BA
Tabocas do Brejo Velho;BA
Tanhaáu;BA
Tanque Novo;BA
Tanquinho;BA
Tapero†;BA
Tapiramut†;BA
Teixeira de Freitas;BA
Teodoro Sampaio;BA
TeofilÉndia;BA
TeolÉndia;BA
Terra Nova;BA
Tremedal;BA
Tucano;BA
Uau†;BA
Uba°ra;BA
Ubaitaba;BA
Ubat∆;BA
Uiba°;BA
Umburanas;BA
Una;BA
Urandi;BA
Uruáuca;BA
Utinga;BA
Valenáa;BA
Valente;BA
V†rzea da Roáa;BA
V†rzea do Poáo;BA
V†rzea Nova;BA
Varzedo;BA
Vera Cruz;BA
Vereda;BA
Vit¢ria da Conquista;BA
Wagner;BA
Wanderley;BA
Wenceslau Guimar∆es;BA
Xique-xique;BA
Abadia Dos Dourados;MG
AbaetÇ;MG
Abre Campo;MG
Acaiaca;MG
Aáucena;MG
µgua Boa;MG
µgua Comprida;MG
Aguanil;MG
µguas Formosas;MG
µguas Vermelhas;MG
AimorÇs;MG
Aiuruoca;MG
Alagoa;MG
Albertina;MG
AlÇm Para°ba;MG
Alfenas;MG
Alfredo Vasconcelos;MG
Almenara;MG
Alpercata;MG
Alpin¢polis;MG
Alterosa;MG
Alto Capara¢;MG
Alto Rio Doce;MG
Alvarenga;MG
Alvin¢polis;MG
Alvorada de Minas;MG
Amparo do Serra;MG
Andradas;MG
Cachoeira de Paje£;MG
AndrelÉndia;MG
AngelÉndia;MG
Antìnio Carlos;MG
Antìnio Dias;MG
Antìnio Prado de Minas;MG
Araáa°;MG
Aracitaba;MG
Araáua°;MG
Araguari;MG
Arantina;MG
Araponga;MG
Arapor∆;MG
Arapu†;MG
Ara£jos;MG
Arax†;MG
Arceburgo;MG
Arcos;MG
Areado;MG
Argirita;MG
Aricanduva;MG
Arinos;MG
Astolfo Dutra;MG
AtalÇia;MG
Augusto de Lima;MG
Baependi;MG
Baldim;MG
Bambu°;MG
Bandeira;MG
Bandeira do Sul;MG
Bar∆o de Cocais;MG
Bar∆o de Monte Alto;MG
Barbacena;MG
Barra Longa;MG
Barroso;MG
Bela Vista de Minas;MG
Belmiro Braga;MG
Belo Horizonte;MG
Belo Oriente;MG
Belo Vale;MG
Berilo;MG
Bert¢polis;MG
Berizal;MG
Betim;MG
Bias Fortes;MG
Bicas;MG
Biquinhas;MG
Boa Esperanáa;MG
Bocaina de Minas;MG
Bocai£va;MG
Bom Despacho;MG
Bom Jardim de Minas;MG
Bom Jesus da Penha;MG
Bom Jesus do Amparo;MG
Bom Jesus do Galho;MG
Bom Repouso;MG
Bom Sucesso;MG
Bonfim;MG
Bonfin¢polis de Minas;MG
Bonito de Minas;MG
Borda da Mata;MG
Botelhos;MG
Botumirim;MG
BrasilÉndia de Minas;MG
Bras°lia de Minas;MG
Br†s Pires;MG
Bra£nas;MG
Bras¢polis;MG
Brumadinho;MG
Bueno Brand∆o;MG
Buen¢polis;MG
Bugre;MG
Buritis;MG
Buritizeiro;MG
Cabeceira Grande;MG
Cabo Verde;MG
Cachoeira da Prata;MG
Cachoeira de Minas;MG
Cachoeira Dourada;MG
Caetan¢polis;MG
CaetÇ;MG
Caiana;MG
Cajuri;MG
Caldas;MG
Camacho;MG
Camanducaia;MG
Cambu°;MG
Cambuquira;MG
Campan†rio;MG
Campanha;MG
Campestre;MG
Campina Verde;MG
Campo Azul;MG
Campo Belo;MG
Campo do Meio;MG
Campo Florido;MG
Campos Altos;MG
Campos Gerais;MG
Cana∆;MG
Can†polis;MG
Cana Verde;MG
Candeias;MG
Cantagalo;MG
Capara¢;MG
Capela Nova;MG
Capelinha;MG
Capetinga;MG
Capim Branco;MG
Capin¢polis;MG
Capit∆o Andrade;MG
Capit∆o EnÇas;MG
Capit¢lio;MG
Caputira;MG
Cara°;MG
Carana°ba;MG
Caranda°;MG
Carangola;MG
Caratinga;MG
Carbonita;MG
Careaáu;MG
Carlos Chagas;MG
CarmÇsia;MG
Carmo da Cachoeira;MG
Carmo da Mata;MG
Carmo de Minas;MG
Carmo do Cajuru;MG
Carmo do Parana°ba;MG
Carmo do Rio Claro;MG
Carm¢polis de Minas;MG
Carneirinho;MG
Carrancas;MG
Carvalh¢polis;MG
Carvalhos;MG
Casa Grande;MG
Cascalho Rico;MG
C†ssia;MG
Conceiá∆o da Barra de Minas;MG
Cataguases;MG
Catas Altas;MG
Catas Altas da Noruega;MG
Catuji;MG
Catuti;MG
Caxambu;MG
Cedro do AbaetÇ;MG
Central de Minas;MG
Centralina;MG
Ch†cara;MG
ChalÇ;MG
Chapada do Norte;MG
Chapada Ga£cha;MG
Chiador;MG
CipotÉnea;MG
Claraval;MG
Claro Dos Poá‰es;MG
Cl†udio;MG
Coimbra;MG
Coluna;MG
Comendador Gomes;MG
Comercinho;MG
Conceiá∆o da Aparecida;MG
Conceiá∆o Das Pedras;MG
Conceiá∆o Das Alagoas;MG
Conceiá∆o de Ipanema;MG
Conceiá∆o do Mato Dentro;MG
Conceiá∆o do Par†;MG
Conceiá∆o do Rio Verde;MG
Conceiá∆o Dos Ouros;MG
Cìnego Marinho;MG
Confins;MG
Congonhal;MG
Congonhas;MG
Congonhas do Norte;MG
Conquista;MG
Conselheiro Lafaiete;MG
Conselheiro Pena;MG
Consolaá∆o;MG
Contagem;MG
Coqueiral;MG
Coraá∆o de Jesus;MG
Cordisburgo;MG
CordislÉndia;MG
Corinto;MG
Coroaci;MG
Coromandel;MG
Coronel Fabriciano;MG
Coronel Murta;MG
Coronel Pacheco;MG
Coronel Xavier Chaves;MG
C¢rrego Danta;MG
C¢rrego do Bom Jesus;MG
C¢rrego Fundo;MG
C¢rrego Novo;MG
Couto de Magalh∆es de Minas;MG
Cris¢lita;MG
Cristais;MG
Crist†lia;MG
Cristiano Otoni;MG
Cristina;MG
CrucilÉndia;MG
Cruzeiro da Fortaleza;MG
Cruz°lia;MG
Cuparaque;MG
Curral de Dentro;MG
Curvelo;MG
Datas;MG
Delfim Moreira;MG
Delfin¢polis;MG
Delta;MG
Descoberto;MG
Desterro de Entre Rios;MG
Desterro do Melo;MG
Diamantina;MG
Diogo de Vasconcelos;MG
Dion°sio;MG
DivinÇsia;MG
Divino;MG
Divino Das Laranjeiras;MG
DivinolÉndia de Minas;MG
Divin¢polis;MG
Divisa Alegre;MG
Divisa Nova;MG
Divis¢polis;MG
Dom Bosco;MG
Dom Cavati;MG
Dom Joaquim;MG
Dom SilvÇrio;MG
Dom Viáoso;MG
Dona EusÇbia;MG
Dores de Campos;MG
Dores de Guanh∆es;MG
Dores do Indai†;MG
Dores do Turvo;MG
Dores¢polis;MG
Douradoquara;MG
DurandÇ;MG
El¢i Mendes;MG
Engenheiro Caldas;MG
Engenheiro Navarro;MG
Entre Folhas;MG
Entre Rios de Minas;MG
Erv†lia;MG
Esmeraldas;MG
Espera Feliz;MG
Espinosa;MG
Esp°rito Santo do Dourado;MG
Estiva;MG
Estrela Dalva;MG
Estrela do Indai†;MG
Estrela do Sul;MG
Eugen¢polis;MG
Ewbank da CÉmara;MG
Extrema;MG
Fama;MG
Faria Lemos;MG
Fel°cio Dos Santos;MG
S∆o Gonáalo do Rio Preto;MG
Felisburgo;MG
FelixlÉndia;MG
Fernandes Tourinho;MG
Ferros;MG
Fervedouro;MG
Florestal;MG
Formiga;MG
Formoso;MG
Fortaleza de Minas;MG
Fortuna de Minas;MG
Francisco Badar¢;MG
Francisco Dumont;MG
Francisco s†;MG
Francisc¢polis;MG
Frei Gaspar;MG
Frei Inocàncio;MG
Frei Lagonegro;MG
Fronteira;MG
Fronteira Dos Vales;MG
Fruta de Leite;MG
Frutal;MG
FunilÉndia;MG
GalilÇia;MG
Gameleiras;MG
GlaucilÉndia;MG
Goiabeira;MG
Goian†;MG
Gonáalves;MG
Gonzaga;MG
Gouveia;MG
Governador Valadares;MG
Gr∆o Mogol;MG
Grupiara;MG
Guanh∆es;MG
GuapÇ;MG
Guaraciaba;MG
Guaraciama;MG
GuaranÇsia;MG
Guarani;MG
Guarar†;MG
Guarda-mor;MG
GuaxupÇ;MG
Guidoval;MG
GuimarÉnia;MG
Guiricema;MG
Gurinhat∆;MG
Heliodora;MG
Iapu;MG
Ibertioga;MG
Ibi†;MG
Ibia°;MG
Ibiracatu;MG
Ibiraci;MG
IbiritÇ;MG
Ibiti£ra de Minas;MG
Ibituruna;MG
Icara° de Minas;MG
IgarapÇ;MG
Igaratinga;MG
Iguatama;MG
Ijaci;MG
Ilic°nea;MG
ImbÇ de Minas;MG
Inconfidentes;MG
Indaiabira;MG
Indian¢polis;MG
Inga°;MG
Inhapim;MG
Inha£ma;MG
Inimutaba;MG
Ipaba;MG
Ipanema;MG
Ipatinga;MG
Ipiaáu;MG
Ipui£na;MG
Ira° de Minas;MG
Itabira;MG
Itabirinha;MG
Itabirito;MG
Itacambira;MG
Itacarambi;MG
Itaguara;MG
ItaipÇ;MG
Itajub†;MG
Itamarandiba;MG
Itamarati de Minas;MG
Itambacuri;MG
ItambÇ do Mato Dentro;MG
Itamogi;MG
Itamonte;MG
Itanhandu;MG
Itanhomi;MG
Itaobim;MG
Itapagipe;MG
Itapecerica;MG
Itapeva;MG
Itatiaiuáu;MG
Ita£ de Minas;MG
Ita£na;MG
Itaverava;MG
Itinga;MG
Itueta;MG
Ituiutaba;MG
Itumirim;MG
Iturama;MG
Itutinga;MG
Jaboticatubas;MG
Jacinto;MG
Jacu°;MG
Jacutinga;MG
Jaguaraáu;MG
Ja°ba;MG
Jampruca;MG
Jana£ba;MG
Janu†ria;MG
Japara°ba;MG
Japonvar;MG
Jeceaba;MG
Jenipapo de Minas;MG
Jequeri;MG
Jequita°;MG
Jequitib†;MG
Jequitinhonha;MG
JesuÉnia;MG
Joa°ma;MG
JoanÇsia;MG
Jo∆o Monlevade;MG
Jo∆o Pinheiro;MG
Joaquim Fel°cio;MG
JordÉnia;MG
JosÇ Gonáalves de Minas;MG
JosÇ Raydan;MG
Josen¢polis;MG
Nova Uni∆o;MG
Juatuba;MG
Juiz de Fora;MG
Juramento;MG
Juruaia;MG
Juven°lia;MG
Ladainha;MG
Lagamar;MG
Lagoa da Prata;MG
Lagoa Dos Patos;MG
Lagoa Dourada;MG
Lagoa Formosa;MG
Lagoa Grande;MG
Lagoa Santa;MG
Lajinha;MG
Lambari;MG
Lamim;MG
Laranjal;MG
Lassance;MG
Lavras;MG
Leandro Ferreira;MG
Leme do Prado;MG
Leopoldina;MG
Liberdade;MG
Lima Duarte;MG
Limeira do Oeste;MG
Lontra;MG
Luisburgo;MG
LuislÉndia;MG
Lumin†rias;MG
Luz;MG
Machacalis;MG
Machado;MG
Madre de Deus de Minas;MG
Malacacheta;MG
Mamonas;MG
Manga;MG
Manhuaáu;MG
Manhumirim;MG
Mantena;MG
Maravilhas;MG
Mar de Espanha;MG
Maria da fÇ;MG
Mariana;MG
Marilac;MG
M†rio Campos;MG
Marip† de Minas;MG
MarliÇria;MG
Marmel¢polis;MG
Martinho Campos;MG
Martins Soares;MG
Mata Verde;MG
MaterlÉndia;MG
Mateus Leme;MG
Matias Barbosa;MG
Matias Cardoso;MG
Matip¢;MG
Mato Verde;MG
Matozinhos;MG
Matutina;MG
Medeiros;MG
Medina;MG
Mendes Pimentel;MG
Mercàs;MG
Mesquita;MG
Minas Novas;MG
Minduri;MG
Mirabela;MG
Miradouro;MG
Mira°;MG
MiravÉnia;MG
Moeda;MG
Moema;MG
Monjolos;MG
Monsenhor Paulo;MG
MontalvÉnia;MG
Monte Alegre de Minas;MG
Monte Azul;MG
Monte Belo;MG
Monte Carmelo;MG
Monte Formoso;MG
Monte Santo de Minas;MG
Montes Claros;MG
Monte Si∆o;MG
Montezuma;MG
Morada Nova de Minas;MG
Morro da Garáa;MG
Morro do Pilar;MG
Munhoz;MG
MuriaÇ;MG
Mutum;MG
Muzambinho;MG
Nacip Raydan;MG
Nanuque;MG
Naque;MG
NatalÉndia;MG
NatÇrcia;MG
Nazareno;MG
Nepomuceno;MG
Ninheira;MG
Nova BelÇm;MG
Nova Era;MG
Nova Lima;MG
Nova M¢dica;MG
Nova Ponte;MG
Nova Porteirinha;MG
Nova Resende;MG
Nova Serrana;MG
Novo Cruzeiro;MG
Novo Oriente de Minas;MG
Novorizonte;MG
Olaria;MG
Olhos-dԆgua;MG
Ol°mpio Noronha;MG
Oliveira;MG
Oliveira Fortes;MG
Onáa de Pitangui;MG
Orat¢rios;MG
OrizÉnia;MG
Ouro Branco;MG
Ouro Fino;MG
Ouro Preto;MG
Ouro Verde de Minas;MG
Padre Carvalho;MG
Padre Para°so;MG
Paineiras;MG
Pains;MG
Pai Pedro;MG
Paiva;MG
Palma;MG
Palm¢polis;MG
Papagaios;MG
Paracatu;MG
Par† de Minas;MG
Paraguaáu;MG
Parais¢polis;MG
Paraopeba;MG
PassabÇm;MG
Passa Quatro;MG
Passa Tempo;MG
Passa-vinte;MG
Passos;MG
Patis;MG
Patos de Minas;MG
Patroc°nio;MG
Patroc°nio do MuriaÇ;MG
Paula CÉndido;MG
Paulistas;MG
Pav∆o;MG
Peáanha;MG
Pedra Azul;MG
Pedra Bonita;MG
Pedra do Anta;MG
Pedra do Indai†;MG
Pedra Dourada;MG
Pedralva;MG
Pedras de Maria da Cruz;MG
Pedrin¢polis;MG
Pedro Leopoldo;MG
Pedro Teixeira;MG
Pequeri;MG
Pequi;MG
Perdig∆o;MG
Perdizes;MG
Perd‰es;MG
Periquito;MG
Pescador;MG
Piau;MG
Piedade de Caratinga;MG
Piedade de Ponte Nova;MG
Piedade do Rio Grande;MG
Piedade Dos Gerais;MG
Pimenta;MG
Pingo-dԆgua;MG
Pint¢polis;MG
Piracema;MG
Pirajuba;MG
Piranga;MG
Piranguáu;MG
Piranguinho;MG
Pirapetinga;MG
Pirapora;MG
Pira£ba;MG
Pitangui;MG
Piumhi;MG
Planura;MG
Poáo Fundo;MG
Poáos de Caldas;MG
Pocrane;MG
PompÇu;MG
Ponte Nova;MG
Ponto Chique;MG
Ponto Dos Volantes;MG
Porteirinha;MG
Porto Firme;MG
PotÇ;MG
Pouso Alegre;MG
Pouso Alto;MG
Prados;MG
Prata;MG
Prat†polis;MG
Pratinha;MG
Presidente Bernardes;MG
Presidente Juscelino;MG
Presidente Kubitschek;MG
Presidente Oleg†rio;MG
Alto Jequitib†;MG
Prudente de Morais;MG
Quartel Geral;MG
Queluzito;MG
Raposos;MG
Raul Soares;MG
Recreio;MG
Reduto;MG
Resende Costa;MG
Resplendor;MG
Ressaquinha;MG
Riachinho;MG
Riacho Dos Machados;MG
Ribeir∆o Das Neves;MG
Ribeir∆o Vermelho;MG
Rio Acima;MG
Rio Casca;MG
Rio Doce;MG
Rio do Prado;MG
Rio Espera;MG
Rio Manso;MG
Rio Novo;MG
Rio Parana°ba;MG
Rio Pardo de Minas;MG
Rio Piracicaba;MG
Rio Pomba;MG
Rio Preto;MG
Rio Vermelho;MG
Rit†polis;MG
Rochedo de Minas;MG
Rodeiro;MG
Romaria;MG
Ros†rio da Limeira;MG
Rubelita;MG
Rubim;MG
Sabar†;MG
Sabin¢polis;MG
Sacramento;MG
Salinas;MG
Salto da Divisa;MG
Santa B†rbara;MG
Santa B†rbara do Leste;MG
Santa B†rbara do Monte Verde;MG
Santa B†rbara do Tug£rio;MG
Santa Cruz de Minas;MG
Santa Cruz de Salinas;MG
Santa Cruz do Escalvado;MG
Santa Efigània de Minas;MG
Santa fÇ de Minas;MG
Santa Helena de Minas;MG
Santa Juliana;MG
Santa Luzia;MG
Santa Margarida;MG
Santa Maria de Itabira;MG
Santa Maria do Salto;MG
Santa Maria do Suaáu°;MG
Santana da Vargem;MG
Santana de Cataguases;MG
Santana de Pirapama;MG
Santana do Deserto;MG
Santana do GarambÇu;MG
Santana do JacarÇ;MG
Santana do Manhuaáu;MG
Santana do Para°so;MG
Santana do Riacho;MG
Santana Dos Montes;MG
Santa Rita de Caldas;MG
Santa Rita de Jacutinga;MG
Santa Rita de Minas;MG
Santa Rita de Ibitipoca;MG
Santa Rita do Itueto;MG
Santa Rita do Sapuca°;MG
Santa Rosa da Serra;MG
Santa Vit¢ria;MG
Santo Antìnio do Amparo;MG
Santo Antìnio do Aventureiro;MG
Santo Antìnio do Grama;MG
Santo Antìnio do ItambÇ;MG
Santo Antìnio do Jacinto;MG
Santo Antìnio do Monte;MG
Santo Antìnio do Retiro;MG
Santo Antìnio do Rio Abaixo;MG
Santo Hip¢lito;MG
Santos Dumont;MG
S∆o Bento Abade;MG
S∆o Br†s do Suaáu°;MG
S∆o Domingos Das Dores;MG
S∆o Domingos do Prata;MG
S∆o FÇlix de Minas;MG
S∆o Francisco;MG
S∆o Francisco de Paula;MG
S∆o Francisco de Sales;MG
S∆o Francisco do Gl¢ria;MG
S∆o Geraldo;MG
S∆o Geraldo da Piedade;MG
S∆o Geraldo do Baixio;MG
S∆o Gonáalo do AbaetÇ;MG
S∆o Gonáalo do Par†;MG
S∆o Gonáalo do Rio Abaixo;MG
S∆o Gonáalo do Sapuca°;MG
S∆o Gotardo;MG
S∆o Jo∆o Batista do Gl¢ria;MG
S∆o Jo∆o da Lagoa;MG
S∆o Jo∆o da Mata;MG
S∆o Jo∆o da Ponte;MG
S∆o Jo∆o Das Miss‰es;MG
S∆o Jo∆o Del Rei;MG
S∆o Jo∆o do Manhuaáu;MG
S∆o Jo∆o do Manteninha;MG
S∆o Jo∆o do Oriente;MG
S∆o Jo∆o do Pacu°;MG
S∆o Jo∆o do Para°so;MG
S∆o Jo∆o Evangelista;MG
S∆o Jo∆o Nepomuceno;MG
S∆o Joaquim de Bicas;MG
S∆o JosÇ da Barra;MG
S∆o JosÇ da Lapa;MG
S∆o JosÇ da Safira;MG
S∆o JosÇ da Varginha;MG
S∆o JosÇ do Alegre;MG
S∆o JosÇ do Divino;MG
S∆o JosÇ do Goiabal;MG
S∆o JosÇ do Jacuri;MG
S∆o JosÇ do Mantimento;MG
S∆o Lourenáo;MG
S∆o Miguel do Anta;MG
S∆o Pedro da Uni∆o;MG
S∆o Pedro Dos Ferros;MG
S∆o Pedro do Suaáu°;MG
S∆o Rom∆o;MG
S∆o Roque de Minas;MG
S∆o Sebasti∆o da Bela Vista;MG
S∆o Sebasti∆o da Vargem Alegre;MG
S∆o Sebasti∆o do Anta;MG
S∆o Sebasti∆o do Maranh∆o;MG
S∆o Sebasti∆o do Oeste;MG
S∆o Sebasti∆o do Para°so;MG
S∆o Sebasti∆o do Rio Preto;MG
S∆o Sebasti∆o do Rio Verde;MG
S∆o Tiago;MG
S∆o Tom†s de Aquino;MG
S∆o ThomÇ Das Letras;MG
S∆o Vicente de Minas;MG
Sapuca°-mirim;MG
Sardo†;MG
Sarzedo;MG
Setubinha;MG
Sem-peixe;MG
Senador Amaral;MG
Senador Cortes;MG
Senador Firmino;MG
Senador JosÇ Bento;MG
Senador Modestino Gonáalves;MG
Senhora de Oliveira;MG
Senhora do Porto;MG
Senhora Dos RemÇdios;MG
Sericita;MG
Seritinga;MG
Serra Azul de Minas;MG
Serra da Saudade;MG
Serra Dos AimorÇs;MG
Serra do Salitre;MG
Serrania;MG
Serran¢polis de Minas;MG
Serranos;MG
Serro;MG
Sete Lagoas;MG
SilveirÉnia;MG
Silvian¢polis;MG
Sim∆o Pereira;MG
SimonÇsia;MG
Sobr†lia;MG
Soledade de Minas;MG
Tabuleiro;MG
Taiobeiras;MG
Taparuba;MG
Tapira;MG
Tapira°;MG
Taquaraáu de Minas;MG
Tarumirim;MG
Teixeiras;MG
Te¢filo Otoni;MG
Tim¢teo;MG
Tiradentes;MG
Tiros;MG
Tocantins;MG
Tocos do Moji;MG
Toledo;MG
Tombos;MG
Tràs Coraá‰es;MG
Tràs Marias;MG
Tràs Pontas;MG
Tumiritinga;MG
Tupaciguara;MG
Turmalina;MG
TurvolÉndia;MG
Ub†;MG
Uba°;MG
Ubaporanga;MG
Uberaba;MG
UberlÉndia;MG
Umburatiba;MG
Una°;MG
Uni∆o de Minas;MG
Uruana de Minas;MG
UrucÉnia;MG
Urucuia;MG
Vargem Alegre;MG
Vargem Bonita;MG
Vargem Grande do Rio Pardo;MG
Varginha;MG
Varj∆o de Minas;MG
V†rzea da Palma;MG
VarzelÉndia;MG
Vazante;MG
VerdelÉndia;MG
Veredinha;MG
Ver°ssimo;MG
Vermelho Novo;MG
Vespasiano;MG
Viáosa;MG
Vieiras;MG
Mathias Lobato;MG
Virgem da Lapa;MG
Virg°nia;MG
Virgin¢polis;MG
VirgolÉndia;MG
Visconde do Rio Branco;MG
Volta Grande;MG
Wenceslau Braz;MG
Afonso Cl†udio;ES
µguia Branca;ES
µgua Doce do Norte;ES
Alegre;ES
Alfredo Chaves;ES
Alto Rio Novo;ES
Anchieta;ES
Apiac†;ES
Aracruz;ES
Atilio Vivacqua;ES
Baixo Guandu;ES
Barra de S∆o Francisco;ES
Boa Esperanáa;ES
Bom Jesus do Norte;ES
Brejetuba;ES
Cachoeiro de Itapemirim;ES
Cariacica;ES
Castelo;ES
Colatina;ES
Conceiá∆o da Barra;ES
Conceiá∆o do Castelo;ES
Divino de S∆o Lourenáo;ES
Domingos Martins;ES
Dores do Rio Preto;ES
Ecoporanga;ES
Fund∆o;ES
Governador Lindenberg;ES
Guaáu°;ES
Guarapari;ES
Ibatiba;ES
Ibiraáu;ES
Ibitirama;ES
Iconha;ES
Irupi;ES
Itaguaáu;ES
Itapemirim;ES
Itarana;ES
I£na;ES
JaguarÇ;ES
Jerìnimo Monteiro;ES
Jo∆o Neiva;ES
Laranja da Terra;ES
Linhares;ES
Manten¢polis;ES
Marata°zes;ES
Marechal Floriano;ES
MarilÉndia;ES
Mimoso do Sul;ES
Montanha;ES
Mucurici;ES
Muniz Freire;ES
Muqui;ES
Nova VenÇcia;ES
Pancas;ES
Pedro Can†rio;ES
Pinheiros;ES
Pi£ma;ES
Ponto Belo;ES
Presidente Kennedy;ES
Rio Bananal;ES
Rio Novo do Sul;ES
Santa Leopoldina;ES
Santa Maria de Jetib†;ES
Santa Teresa;ES
S∆o Domingos do Norte;ES
S∆o Gabriel da Palha;ES
S∆o JosÇ do Caláado;ES
S∆o Mateus;ES
S∆o Roque do Cana∆;ES
Serra;ES
Sooretama;ES
Vargem Alta;ES
Venda Nova do Imigrante;ES
Viana;ES
Vila Pav∆o;ES
Vila ValÇrio;ES
Vila Velha;ES
Vit¢ria;ES
Angra Dos Reis;RJ
AperibÇ;RJ
Araruama;RJ
Areal;RJ
Armaá∆o Dos B£zios;RJ
Arraial do Cabo;RJ
Barra do Pira°;RJ
Barra Mansa;RJ
Belford Roxo;RJ
Bom Jardim;RJ
Bom Jesus do Itabapoana;RJ
Cabo Frio;RJ
Cachoeiras de Macacu;RJ
Cambuci;RJ
Carapebus;RJ
Comendador Levy Gasparian;RJ
Campos Dos Goytacazes;RJ
Cantagalo;RJ
Cardoso Moreira;RJ
Carmo;RJ
Casimiro de Abreu;RJ
Conceiá∆o de Macabu;RJ
Cordeiro;RJ
Duas Barras;RJ
Duque de Caxias;RJ
Engenheiro Paulo de Frontin;RJ
Guapimirim;RJ
Iguaba Grande;RJ
Itabora°;RJ
Itagua°;RJ
Italva;RJ
Itaocara;RJ
Itaperuna;RJ
Itatiaia;RJ
Japeri;RJ
Laje do MuriaÇ;RJ
MacaÇ;RJ
Macuco;RJ
MagÇ;RJ
Mangaratiba;RJ
Maric†;RJ
Mendes;RJ
Mesquita;RJ
Miguel Pereira;RJ
Miracema;RJ
Natividade;RJ
Nil¢polis;RJ
Niter¢i;RJ
Nova Friburgo;RJ
Nova Iguaáu;RJ
Paracambi;RJ
Para°ba do Sul;RJ
Parati;RJ
Paty do Alferes;RJ
Petr¢polis;RJ
Pinheiral;RJ
Pira°;RJ
Porci£ncula;RJ
Porto Real;RJ
Quatis;RJ
Queimados;RJ
Quissam∆;RJ
Resende;RJ
Rio Bonito;RJ
Rio Claro;RJ
Rio Das Flores;RJ
Rio Das Ostras;RJ
Rio de Janeiro;RJ
Santa Maria Madalena;RJ
Santo Antìnio de P†dua;RJ
S∆o Francisco de Itabapoana;RJ
S∆o FidÇlis;RJ
S∆o Gonáalo;RJ
S∆o Jo∆o da Barra;RJ
S∆o Jo∆o de Meriti;RJ
S∆o JosÇ de Ub†;RJ
S∆o JosÇ do Vale do Rio Preto;RJ
S∆o Pedro da Aldeia;RJ
S∆o Sebasti∆o do Alto;RJ
Sapucaia;RJ
Saquarema;RJ
SeropÇdica;RJ
Silva Jardim;RJ
Sumidouro;RJ
Tangu†;RJ
Teres¢polis;RJ
Trajano de Morais;RJ
Tràs Rios;RJ
Valenáa;RJ
Varre-sai;RJ
Vassouras;RJ
Volta Redonda;RJ
Adamantina;SP
Adolfo;SP
Agua°;SP
µguas da Prata;SP
µguas de Lind¢ia;SP
µguas de Santa B†rbara;SP
µguas de S∆o Pedro;SP
Agudos;SP
Alambari;SP
Alfredo Marcondes;SP
Altair;SP
Altin¢polis;SP
Alto Alegre;SP
Alum°nio;SP
µlvares Florence;SP
µlvares Machado;SP
µlvaro de Carvalho;SP
AlvinlÉndia;SP
Americana;SP
AmÇrico Brasiliense;SP
AmÇrico de Campos;SP
Amparo;SP
AnalÉndia;SP
Andradina;SP
Angatuba;SP
Anhembi;SP
Anhumas;SP
Aparecida;SP
Aparecida DÔoeste;SP
Apia°;SP
Araáariguama;SP
Araáatuba;SP
Araáoiaba da Serra;SP
Aramina;SP
Arandu;SP
Arape°;SP
Araraquara;SP
Araras;SP
Arco-°ris;SP
Arealva;SP
Areias;SP
Arei¢polis;SP
Ariranha;SP
Artur Nogueira;SP
Aruj†;SP
Asp†sia;SP
Assis;SP
Atibaia;SP
Auriflama;SP
Ava°;SP
Avanhandava;SP
AvarÇ;SP
Bady Bassitt;SP
Balbinos;SP
B†lsamo;SP
Bananal;SP
Bar∆o de Antonina;SP
Barbosa;SP
Bariri;SP
Barra Bonita;SP
Barra do ChapÇu;SP
Barra do Turvo;SP
Barretos;SP
Barrinha;SP
Barueri;SP
Bastos;SP
Batatais;SP
Bauru;SP
Bebedouro;SP
Bento de Abreu;SP
Bernardino de Campos;SP
Bertioga;SP
Bilac;SP
Birigui;SP
Biritiba-mirim;SP
Boa Esperanáa do Sul;SP
Bocaina;SP
Bofete;SP
Boituva;SP
Bom Jesus Dos Perd‰es;SP
Bom Sucesso de ItararÇ;SP
Bor†;SP
BoracÇia;SP
Borborema;SP
Borebi;SP
Botucatu;SP
Braganáa Paulista;SP
Bra£na;SP
Brejo Alegre;SP
Brodowski;SP
Brotas;SP
Buri;SP
Buritama;SP
Buritizal;SP
Cabr†lia Paulista;SP
Cabre£va;SP
Caáapava;SP
Cachoeira Paulista;SP
Caconde;SP
CafelÉndia;SP
Caiabu;SP
Caieiras;SP
Caiu†;SP
Cajamar;SP
Cajati;SP
Cajobi;SP
Cajuru;SP
Campina do Monte Alegre;SP
Campinas;SP
Campo Limpo Paulista;SP
Campos do Jord∆o;SP
Campos Novos Paulista;SP
CananÇia;SP
Canas;SP
CÉndido Mota;SP
CÉndido Rodrigues;SP
Canitar;SP
Cap∆o Bonito;SP
Capela do Alto;SP
Capivari;SP
Caraguatatuba;SP
Carapicu°ba;SP
Cardoso;SP
Casa Branca;SP
C†ssia Dos Coqueiros;SP
Castilho;SP
Catanduva;SP
Catigu†;SP
Cedral;SP
Cerqueira CÇsar;SP
Cerquilho;SP
Ces†rio Lange;SP
Charqueada;SP
Clementina;SP
Colina;SP
Colìmbia;SP
Conchal;SP
Conchas;SP
Cordeir¢polis;SP
Coroados;SP
Coronel Macedo;SP
Corumbata°;SP
Cosm¢polis;SP
Cosmorama;SP
Cotia;SP
Cravinhos;SP
Cristais Paulista;SP
Cruz†lia;SP
Cruzeiro;SP
Cubat∆o;SP
Cunha;SP
Descalvado;SP
Diadema;SP
Dirce Reis;SP
DivinolÉndia;SP
Dobrada;SP
Dois C¢rregos;SP
Dolcin¢polis;SP
Dourado;SP
Dracena;SP
Duartina;SP
Dumont;SP
Echapor∆;SP
Eldorado;SP
Elias Fausto;SP
Elisi†rio;SP
Emba£ba;SP
Embu;SP
Embu-guaáu;SP
Emilian¢polis;SP
Engenheiro Coelho;SP
Esp°rito Santo do Pinhal;SP
Esp°rito Santo do Turvo;SP
Estrela DÔoeste;SP
Estrela do Norte;SP
Euclides da Cunha Paulista;SP
Fartura;SP
Fernand¢polis;SP
Fernando Prestes;SP
Fern∆o;SP
Ferraz de Vasconcelos;SP
Flora Rica;SP
Floreal;SP
Fl¢rida Paulista;SP
Flor°nia;SP
Franca;SP
Francisco Morato;SP
Franco da Rocha;SP
Gabriel Monteiro;SP
G†lia;SP
Garáa;SP
Gast∆o Vidigal;SP
Gavi∆o Peixoto;SP
General Salgado;SP
Getulina;SP
GlicÇrio;SP
Guaiáara;SP
Guaimbà;SP
Gua°ra;SP
Guapiaáu;SP
Guapiara;SP
Guar†;SP
Guaraáa°;SP
Guaraci;SP
Guarani DÔoeste;SP
Guarant∆;SP
Guararapes;SP
Guararema;SP
Guaratinguet†;SP
Guare°;SP
Guariba;SP
Guaruj†;SP
Guarulhos;SP
Guatapar†;SP
GuzolÉndia;SP
HerculÉndia;SP
Holambra;SP
HortolÉndia;SP
Iacanga;SP
Iacri;SP
Iaras;SP
IbatÇ;SP
Ibir†;SP
Ibirarema;SP
Ibitinga;SP
Ibi£na;SP
IcÇm;SP
Iepà;SP
Igaraáu do Tietà;SP
Igarapava;SP
Igarat†;SP
Iguape;SP
Ilhabela;SP
Ilha Comprida;SP
Ilha Solteira;SP
Indaiatuba;SP
Indiana;SP
Indiapor∆;SP
In£bia Paulista;SP
Ipaussu;SP
Iper¢;SP
Ipe£na;SP
Ipigu†;SP
Iporanga;SP
Ipu∆;SP
Iracem†polis;SP
Irapu∆;SP
Irapuru;SP
Itaber†;SP
Ita°;SP
Itajobi;SP
Itaju;SP
ItanhaÇm;SP
Ita¢ca;SP
Itapecerica da Serra;SP
Itapetininga;SP
Itapeva;SP
Itapevi;SP
Itapira;SP
Itapirapu∆ Paulista;SP
It†polis;SP
Itaporanga;SP
Itapu°;SP
Itapura;SP
Itaquaquecetuba;SP
ItararÇ;SP
Itariri;SP
Itatiba;SP
Itatinga;SP
Itirapina;SP
Itirapu∆;SP
Itobi;SP
Itu;SP
Itupeva;SP
Ituverava;SP
Jaborandi;SP
Jaboticabal;SP
Jacare°;SP
Jaci;SP
Jacupiranga;SP
Jaguari£na;SP
Jales;SP
Jambeiro;SP
Jandira;SP
Jardin¢polis;SP
Jarinu;SP
Ja£;SP
Jeriquara;SP
Joan¢polis;SP
Jo∆o Ramalho;SP
JosÇ Bonif†cio;SP
J£lio Mesquita;SP
Jumirim;SP
Jundia°;SP
Junqueir¢polis;SP
Juqui†;SP
Juquitiba;SP
Lagoinha;SP
Laranjal Paulista;SP
Lav°nia;SP
Lavrinhas;SP
Leme;SP
Lená¢is Paulista;SP
Limeira;SP
Lind¢ia;SP
Lins;SP
Lorena;SP
Lourdes;SP
Louveira;SP
LucÇlia;SP
Lucian¢polis;SP
Lu°s Antìnio;SP
LuiziÉnia;SP
LupÇrcio;SP
LutÇcia;SP
Macatuba;SP
Macaubal;SP
Macedìnia;SP
Magda;SP
Mairinque;SP
Mairipor∆;SP
Manduri;SP
Marab† Paulista;SP
Maraca°;SP
Marapoama;SP
Mari†polis;SP
Mar°lia;SP
Marin¢polis;SP
Martin¢polis;SP
Mat∆o;SP
Mau†;SP
Mendonáa;SP
Meridiano;SP
Mes¢polis;SP
Miguel¢polis;SP
Mineiros do Tietà;SP
Miracatu;SP
Mira Estrela;SP
Mirand¢polis;SP
Mirante do Paranapanema;SP
Mirassol;SP
MirassolÉndia;SP
Mococa;SP
Moji Das Cruzes;SP
Mogi Guaáu;SP
Moji-mirim;SP
Mombuca;SP
Moná‰es;SP
Mongagu†;SP
Monte Alegre do Sul;SP
Monte Alto;SP
Monte Apraz°vel;SP
Monte Azul Paulista;SP
Monte Castelo;SP
Monteiro Lobato;SP
Monte Mor;SP
Morro Agudo;SP
Morungaba;SP
Motuca;SP
Murutinga do Sul;SP
Nantes;SP
Narandiba;SP
Natividade da Serra;SP
NazarÇ Paulista;SP
Neves Paulista;SP
Nhandeara;SP
Nipo∆;SP
Nova Alianáa;SP
Nova Campina;SP
Nova Cana∆ Paulista;SP
Nova Castilho;SP
Nova Europa;SP
Nova Granada;SP
Nova Guataporanga;SP
Nova Independància;SP
Novais;SP
Nova LuzitÉnia;SP
Nova Odessa;SP
Novo Horizonte;SP
Nuporanga;SP
Ocauáu;SP
‡leo;SP
Ol°mpia;SP
Onda Verde;SP
Oriente;SP
Orindi£va;SP
OrlÉndia;SP
Osasco;SP
Oscar Bressane;SP
Osvaldo Cruz;SP
Ourinhos;SP
Ouroeste;SP
Ouro Verde;SP
Pacaembu;SP
Palestina;SP
Palmares Paulista;SP
Palmeira DÔoeste;SP
Palmital;SP
Panorama;SP
Paraguaáu Paulista;SP
Paraibuna;SP
Para°so;SP
Paranapanema;SP
Paranapu∆;SP
Parapu∆;SP
Pardinho;SP
Pariquera-aáu;SP
Parisi;SP
Patroc°nio Paulista;SP
PaulicÇia;SP
Paul°nia;SP
PaulistÉnia;SP
Paulo de Faria;SP
Pederneiras;SP
Pedra Bela;SP
Pedran¢polis;SP
Pedregulho;SP
Pedreira;SP
Pedrinhas Paulista;SP
Pedro de Toledo;SP
Pen†polis;SP
Pereira Barreto;SP
Pereiras;SP
Peru°be;SP
Piacatu;SP
Piedade;SP
Pilar do Sul;SP
Pindamonhangaba;SP
Pindorama;SP
Pinhalzinho;SP
Piquerobi;SP
Piquete;SP
Piracaia;SP
Piracicaba;SP
Piraju;SP
Piraju°;SP
Pirangi;SP
Pirapora do Bom Jesus;SP
Pirapozinho;SP
Pirassununga;SP
Piratininga;SP
Pitangueiras;SP
Planalto;SP
Platina;SP
Po†;SP
Poloni;SP
PompÇia;SP
Ponga°;SP
Pontal;SP
Pontalinda;SP
Pontes Gestal;SP
Populina;SP
Porangaba;SP
Porto Feliz;SP
Porto Ferreira;SP
Potim;SP
Potirendaba;SP
Pracinha;SP
Prad¢polis;SP
Praia Grande;SP
PratÉnia;SP
Presidente Alves;SP
Presidente Bernardes;SP
Presidente Epit†cio;SP
Presidente Prudente;SP
Presidente Venceslau;SP
Promiss∆o;SP
Quadra;SP
Quat†;SP
Queiroz;SP
Queluz;SP
Quintana;SP
Rafard;SP
Rancharia;SP
Redená∆o da Serra;SP
Regente Feij¢;SP
Regin¢polis;SP
Registro;SP
Restinga;SP
Ribeira;SP
Ribeir∆o Bonito;SP
Ribeir∆o Branco;SP
Ribeir∆o Corrente;SP
Ribeir∆o do Sul;SP
Ribeir∆o Dos ÷ndios;SP
Ribeir∆o Grande;SP
Ribeir∆o Pires;SP
Ribeir∆o Preto;SP
Riversul;SP
Rifaina;SP
Rinc∆o;SP
Rin¢polis;SP
Rio Claro;SP
Rio Das Pedras;SP
Rio Grande da Serra;SP
RiolÉndia;SP
Rosana;SP
Roseira;SP
Rubi†cea;SP
RubinÇia;SP
Sabino;SP
Sagres;SP
Sales;SP
Sales Oliveira;SP
Sales¢polis;SP
Salmour∆o;SP
Saltinho;SP
Salto;SP
Salto de Pirapora;SP
Salto Grande;SP
Sandovalina;SP
Santa AdÇlia;SP
Santa Albertina;SP
Santa B†rbara DÔoeste;SP
Santa Branca;SP
Santa Clara DÔoeste;SP
Santa Cruz da Conceiá∆o;SP
Santa Cruz da Esperanáa;SP
Santa Cruz Das Palmeiras;SP
Santa Cruz do Rio Pardo;SP
Santa Ernestina;SP
Santa fÇ do Sul;SP
Santa Gertrudes;SP
Santa Isabel;SP
Santa L£cia;SP
Santa Maria da Serra;SP
Santa Mercedes;SP
Santana da Ponte Pensa;SP
Santana de Parna°ba;SP
Santa Rita DÔoeste;SP
Santa Rita do Passa Quatro;SP
Santa Rosa de Viterbo;SP
Santa Salete;SP
Santo Anast†cio;SP
Santo AndrÇ;SP
Santo Antìnio da Alegria;SP
Santo Antìnio de Posse;SP
Santo Antìnio do Aracangu†;SP
Santo Antìnio do Jardim;SP
Santo Antìnio do Pinhal;SP
Santo Expedito;SP
Sant¢polis do Aguape°;SP
Santos;SP
S∆o Bento do Sapuca°;SP
S∆o Bernardo do Campo;SP
S∆o Caetano do Sul;SP
S∆o Carlos;SP
S∆o Francisco;SP
S∆o Jo∆o da Boa Vista;SP
S∆o Jo∆o Das Duas Pontes;SP
S∆o Jo∆o de Iracema;SP
S∆o Jo∆o do Pau DÔalho;SP
S∆o Joaquim da Barra;SP
S∆o JosÇ da Bela Vista;SP
S∆o JosÇ do Barreiro;SP
S∆o JosÇ do Rio Pardo;SP
S∆o JosÇ do Rio Preto;SP
S∆o JosÇ Dos Campos;SP
S∆o Lourenáo da Serra;SP
S∆o Lu°s do Paraitinga;SP
S∆o Manuel;SP
S∆o Miguel Arcanjo;SP
S∆o Paulo;SP
S∆o Pedro;SP
S∆o Pedro do Turvo;SP
S∆o Roque;SP
S∆o Sebasti∆o;SP
S∆o Sebasti∆o da Grama;SP
S∆o Sim∆o;SP
S∆o Vicente;SP
Sarapu°;SP
Sarutai†;SP
Sebastian¢polis do Sul;SP
Serra Azul;SP
Serrana;SP
Serra Negra;SP
Sert∆ozinho;SP
Sete Barras;SP
Sever°nia;SP
Silveiras;SP
Socorro;SP
Sorocaba;SP
Sud Mennucci;SP
SumarÇ;SP
Suzano;SP
Suzan†polis;SP
Tabapu∆;SP
Tabatinga;SP
Tabo∆o da Serra;SP
Taciba;SP
Tagua°;SP
Taiaáu;SP
Tai£va;SP
Tamba£;SP
Tanabi;SP
Tapira°;SP
Tapiratiba;SP
Taquaral;SP
Taquaritinga;SP
Taquarituba;SP
Taquariva°;SP
Tarabai;SP
Tarum∆;SP
Tatu°;SP
TaubatÇ;SP
Tejup†;SP
Teodoro Sampaio;SP
Terra Roxa;SP
Tietà;SP
Timburi;SP
Torre de Pedra;SP
Torrinha;SP
Trabiju;SP
TremembÇ;SP
Tràs Fronteiras;SP
Tuiuti;SP
Tup∆;SP
Tupi Paulista;SP
Turi£ba;SP
Turmalina;SP
Ubarana;SP
Ubatuba;SP
Ubirajara;SP
Uchoa;SP
Uni∆o Paulista;SP
UrÉnia;SP
Uru;SP
Urupàs;SP
Valentim Gentil;SP
Valinhos;SP
Valpara°so;SP
Vargem;SP
Vargem Grande do Sul;SP
Vargem Grande Paulista;SP
V†rzea Paulista;SP
Vera Cruz;SP
Vinhedo;SP
Viradouro;SP
Vista Alegre do Alto;SP
Vit¢ria Brasil;SP
Votorantim;SP
Votuporanga;SP
Zacarias;SP
Chavantes;SP
Estiva Gerbi;SP
Abati†;PR
Adrian¢polis;PR
Agudos do Sul;PR
Almirante TamandarÇ;PR
Altamira do Paran†;PR
Altìnia;PR
Alto Paran†;PR
Alto Piquiri;PR
Alvorada do Sul;PR
Amapor∆;PR
AmpÇre;PR
Anahy;PR
Andir†;PR
∂ngulo;PR
Antonina;PR
Antìnio Olinto;PR
Apucarana;PR
Arapongas;PR
Arapoti;PR
Arapu∆;PR
Araruna;PR
Arauc†ria;PR
Ariranha do Iva°;PR
Assa°;PR
Assis Chateaubriand;PR
Astorga;PR
Atalaia;PR
Balsa Nova;PR
Bandeirantes;PR
Barbosa Ferraz;PR
Barrac∆o;PR
Barra do JacarÇ;PR
Bela Vista da Caroba;PR
Bela Vista do Para°so;PR
Bituruna;PR
Boa Esperanáa;PR
Boa Esperanáa do Iguaáu;PR
Boa Ventura de S∆o Roque;PR
Boa Vista da Aparecida;PR
Bocai£va do Sul;PR
Bom Jesus do Sul;PR
Bom Sucesso;PR
Bom Sucesso do Sul;PR
Borraz¢polis;PR
Braganey;PR
BrasilÉndia do Sul;PR
Cafeara;PR
CafelÉndia;PR
Cafezal do Sul;PR
Calif¢rnia;PR
Cambar†;PR
CambÇ;PR
Cambira;PR
Campina da Lagoa;PR
Campina do Sim∆o;PR
Campina Grande do Sul;PR
Campo Bonito;PR
Campo do Tenente;PR
Campo Largo;PR
Campo Magro;PR
Campo Mour∆o;PR
CÉndido de Abreu;PR
Cand¢i;PR
Cantagalo;PR
Capanema;PR
Capit∆o Leìnidas Marques;PR
Carambe°;PR
Carl¢polis;PR
Cascavel;PR
Castro;PR
Catanduvas;PR
Centen†rio do Sul;PR
Cerro Azul;PR
CÇu Azul;PR
Chopinzinho;PR
Cianorte;PR
Cidade Ga£cha;PR
ClevelÉndia;PR
Colombo;PR
Colorado;PR
Congonhinhas;PR
Conselheiro Mairinck;PR
Contenda;PR
CorbÇlia;PR
CornÇlio Proc¢pio;PR
Coronel Domingos Soares;PR
Coronel Vivida;PR
Corumbata° do Sul;PR
Cruzeiro do Iguaáu;PR
Cruzeiro do Oeste;PR
Cruzeiro do Sul;PR
Cruz Machado;PR
Cruzmaltina;PR
Curitiba;PR
Curi£va;PR
Diamante do Norte;PR
Diamante do Sul;PR
Diamante DÔoeste;PR
Dois Vizinhos;PR
Douradina;PR
Doutor Camargo;PR
EnÇas Marques;PR
Engenheiro Beltr∆o;PR
Esperanáa Nova;PR
Entre Rios do Oeste;PR
Espig∆o Alto do Iguaáu;PR
Farol;PR
Faxinal;PR
Fazenda Rio Grande;PR
Fànix;PR
Fernandes Pinheiro;PR
Figueira;PR
Flora°;PR
Flor da Serra do Sul;PR
Floresta;PR
Florest¢polis;PR
Fl¢rida;PR
Formosa do Oeste;PR
Foz do Iguaáu;PR
Francisco Alves;PR
Francisco Beltr∆o;PR
Foz do Jord∆o;PR
General Carneiro;PR
Godoy Moreira;PR
Goioerà;PR
Goioxim;PR
Grandes Rios;PR
Gua°ra;PR
Guairaá†;PR
Guamiranga;PR
Guapirama;PR
Guaporema;PR
Guaraci;PR
Guaraniaáu;PR
Guarapuava;PR
Guaraqueáaba;PR
Guaratuba;PR
Hon¢rio Serpa;PR
Ibaiti;PR
Ibema;PR
Ibipor∆;PR
Icara°ma;PR
Iguaraáu;PR
Iguatu;PR
Imba£;PR
Imbituva;PR
In†cio Martins;PR
Inaj†;PR
Indian¢polis;PR
Ipiranga;PR
Ipor∆;PR
Iracema do Oeste;PR
Irati;PR
Iretama;PR
ItaguajÇ;PR
ItaipulÉndia;PR
Itambarac†;PR
ItambÇ;PR
Itapejara DÔoeste;PR
Itaperuáu;PR
Ita£na do Sul;PR
Iva°;PR
Ivaipor∆;PR
IvatÇ;PR
Ivatuba;PR
Jaboti;PR
Jacarezinho;PR
Jaguapit∆;PR
Jaguaria°va;PR
Jandaia do Sul;PR
Jani¢polis;PR
Japira;PR
Japur†;PR
Jardim Alegre;PR
Jardim Olinda;PR
Jataizinho;PR
Jesu°tas;PR
Joaquim T†vora;PR
Jundia° do Sul;PR
Juranda;PR
Jussara;PR
KalorÇ;PR
Lapa;PR
Laranjal;PR
Laranjeiras do Sul;PR
Le¢polis;PR
Lidian¢polis;PR
Lindoeste;PR
Loanda;PR
Lobato;PR
Londrina;PR
Luiziana;PR
Lunardelli;PR
Lupion¢polis;PR
Mallet;PR
Mamborà;PR
Mandaguaáu;PR
Mandaguari;PR
Mandirituba;PR
Manfrin¢polis;PR
Mangueirinha;PR
Manoel Ribas;PR
Marechal CÉndido Rondon;PR
Maria Helena;PR
Marialva;PR
MarilÉndia do Sul;PR
Marilena;PR
Mariluz;PR
Maring†;PR
Mari¢polis;PR
Marip†;PR
Marmeleiro;PR
Marquinho;PR
Marumbi;PR
MatelÉndia;PR
Matinhos;PR
Mato Rico;PR
Mau† da Serra;PR
Medianeira;PR
Mercedes;PR
Mirador;PR
Miraselva;PR
Missal;PR
Moreira Sales;PR
Morretes;PR
Munhoz de Melo;PR
Nossa Senhora Das Graáas;PR
Nova Alianáa do Iva°;PR
Nova AmÇrica da Colina;PR
Nova Aurora;PR
Nova Cantu;PR
Nova Esperanáa;PR
Nova Esperanáa do Sudoeste;PR
Nova F†tima;PR
Nova Laranjeiras;PR
Nova Londrina;PR
Nova Ol°mpia;PR
Nova Santa B†rbara;PR
Nova Santa Rosa;PR
Nova Prata do Iguaáu;PR
Nova Tebas;PR
Novo Itacolomi;PR
Ortigueira;PR
Ourizona;PR
Ouro Verde do Oeste;PR
Paiáandu;PR
Palmas;PR
Palmeira;PR
Palmital;PR
Palotina;PR
Para°so do Norte;PR
Paranacity;PR
Paranagu†;PR
Paranapoema;PR
Paranava°;PR
Pato Bragado;PR
Pato Branco;PR
Paula Freitas;PR
Paulo Frontin;PR
Peabiru;PR
Perobal;PR
PÇrola;PR
PÇrola DÔoeste;PR
Piàn;PR
Pinhais;PR
Pinhal∆o;PR
Pinhal de S∆o Bento;PR
Pinh∆o;PR
Pira° do Sul;PR
Piraquara;PR
Pitanga;PR
Pitangueiras;PR
Planaltina do Paran†;PR
Planalto;PR
Ponta Grossa;PR
Pontal do Paran†;PR
Porecatu;PR
Porto Amazonas;PR
Porto Barreiro;PR
Porto Rico;PR
Porto Vit¢ria;PR
Prado Ferreira;PR
Pranchita;PR
Presidente Castelo Branco;PR
Primeiro de Maio;PR
Prudent¢polis;PR
Quarto Centen†rio;PR
Quatigu†;PR
Quatro Barras;PR
Quatro Pontes;PR
Quedas do Iguaáu;PR
Querància do Norte;PR
Quinta do Sol;PR
Quitandinha;PR
RamilÉndia;PR
Rancho Alegre;PR
Rancho Alegre DÔoeste;PR
Realeza;PR
Rebouáas;PR
Renascenáa;PR
Reserva;PR
Reserva do Iguaáu;PR
Ribeir∆o Claro;PR
Ribeir∆o do Pinhal;PR
Rio Azul;PR
Rio Bom;PR
Rio Bonito do Iguaáu;PR
Rio Branco do Iva°;PR
Rio Branco do Sul;PR
Rio Negro;PR
RolÉndia;PR
Roncador;PR
Rondon;PR
Ros†rio do Iva°;PR
Sab†udia;PR
Salgado Filho;PR
Salto do ItararÇ;PR
Salto do Lontra;PR
Santa AmÇlia;PR
Santa Cec°lia do Pav∆o;PR
Santa Cruz de Monte Castelo;PR
Santa fÇ;PR
Santa Helena;PR
Santa Inàs;PR
Santa Isabel do Iva°;PR
Santa Izabel do Oeste;PR
Santa L£cia;PR
Santa Maria do Oeste;PR
Santa Mariana;PR
Santa Mìnica;PR
Santana do ItararÇ;PR
Santa Tereza do Oeste;PR
Santa Terezinha de Itaipu;PR
Santo Antìnio da Platina;PR
Santo Antìnio do Caiu†;PR
Santo Antìnio do Para°so;PR
Santo Antìnio do Sudoeste;PR
Santo In†cio;PR
S∆o Carlos do Iva°;PR
S∆o Jerìnimo da Serra;PR
S∆o Jo∆o;PR
S∆o Jo∆o do Caiu†;PR
S∆o Jo∆o do Iva°;PR
S∆o Jo∆o do Triunfo;PR
S∆o Jorge DÔoeste;PR
S∆o Jorge do Iva°;PR
S∆o Jorge do Patroc°nio;PR
S∆o JosÇ da Boa Vista;PR
S∆o JosÇ Das Palmeiras;PR
S∆o JosÇ Dos Pinhais;PR
S∆o Manoel do Paran†;PR
S∆o Mateus do Sul;PR
S∆o Miguel do Iguaáu;PR
S∆o Pedro do Iguaáu;PR
S∆o Pedro do Iva°;PR
S∆o Pedro do Paran†;PR
S∆o Sebasti∆o da Amoreira;PR
S∆o TomÇ;PR
Sapopema;PR
Sarandi;PR
Saudade do Iguaáu;PR
SengÇs;PR
Serran¢polis do Iguaáu;PR
Sertaneja;PR
Sertan¢polis;PR
Siqueira Campos;PR
Sulina;PR
Tamarana;PR
Tamboara;PR
Tapejara;PR
Tapira;PR
Teixeira Soares;PR
Telàmaco Borba;PR
Terra Boa;PR
Terra Rica;PR
Terra Roxa;PR
Tibagi;PR
Tijucas do Sul;PR
Toledo;PR
Tomazina;PR
Tràs Barras do Paran†;PR
Tunas do Paran†;PR
Tuneiras do Oeste;PR
Tup∆ssi;PR
Turvo;PR
Ubirat∆;PR
Umuarama;PR
Uni∆o da Vit¢ria;PR
Uniflor;PR
Ura°;PR
Wenceslau Braz;PR
Ventania;PR
Vera Cruz do Oeste;PR
Verà;PR
Vila Alta;PR
Doutor Ulysses;PR
Virmond;PR
Vitorino;PR
Xambrà;PR
Abdon Batista;SC
Abelardo Luz;SC
AgrolÉndia;SC
Agronìmica;SC
µgua Doce;SC
µguas de Chapec¢;SC
µguas Frias;SC
µguas Mornas;SC
Alfredo Wagner;SC
Alto Bela Vista;SC
Anchieta;SC
Angelina;SC
Anita Garibaldi;SC
Anit†polis;SC
Antìnio Carlos;SC
Api£na;SC
Arabut∆;SC
Araquari;SC
Ararangu†;SC
ArmazÇm;SC
Arroio Trinta;SC
Arvoredo;SC
Ascurra;SC
Atalanta;SC
Aurora;SC
Balne†rio Arroio do Silva;SC
Balne†rio Cambori£;SC
Balne†rio Barra do Sul;SC
Balne†rio Gaivota;SC
Bandeirante;SC
Barra Bonita;SC
Barra Velha;SC
Bela Vista do Toldo;SC
Belmonte;SC
Benedito Novo;SC
Biguaáu;SC
Blumenau;SC
Bocaina do Sul;SC
Bombinhas;SC
Bom Jardim da Serra;SC
Bom Jesus;SC
Bom Jesus do Oeste;SC
Bom Retiro;SC
Botuver†;SC
Braáo do Norte;SC
Braáo do Trombudo;SC
Brun¢polis;SC
Brusque;SC
Caáador;SC
Caibi;SC
Calmon;SC
Cambori£;SC
Cap∆o Alto;SC
Campo Alegre;SC
Campo Belo do Sul;SC
Campo Erà;SC
Campos Novos;SC
Canelinha;SC
Canoinhas;SC
Capinzal;SC
Capivari de Baixo;SC
Catanduvas;SC
Caxambu do Sul;SC
Celso Ramos;SC
Cerro Negro;SC
Chapad∆o do Lageado;SC
Chapec¢;SC
Cocal do Sul;SC
Conc¢rdia;SC
Cordilheira Alta;SC
Coronel Freitas;SC
Coronel Martins;SC
Corup†;SC
Correia Pinto;SC
Crici£ma;SC
Cunha Por∆;SC
Cunhata°;SC
Curitibanos;SC
Descanso;SC
Dion°sio Cerqueira;SC
Dona Emma;SC
Doutor Pedrinho;SC
Entre Rios;SC
Ermo;SC
Erval Velho;SC
Faxinal Dos Guedes;SC
Flor do Sert∆o;SC
Florian¢polis;SC
Formosa do Sul;SC
Forquilhinha;SC
Fraiburgo;SC
Frei RogÇrio;SC
Galv∆o;SC
Garopaba;SC
Garuva;SC
Gaspar;SC
Governador Celso Ramos;SC
Gr∆o Par†;SC
Gravatal;SC
Guabiruba;SC
Guaraciaba;SC
Guaramirim;SC
Guaruj† do Sul;SC
Guatamb£;SC
Herval DÔoeste;SC
Ibiam;SC
IbicarÇ;SC
Ibirama;SC
Iáara;SC
Ilhota;SC
Imaru°;SC
Imbituba;SC
Imbuia;SC
Indaial;SC
Iomerà;SC
Ipira;SC
Ipor∆ do Oeste;SC
Ipuaáu;SC
Ipumirim;SC
Iraceminha;SC
Irani;SC
Irati;SC
Irine¢polis;SC
It†;SC
Itai¢polis;SC
Itaja°;SC
Itapema;SC
Itapiranga;SC
Itapo†;SC
Ituporanga;SC
Jabor†;SC
Jacinto Machado;SC
Jaguaruna;SC
Jaragu† do Sul;SC
Jardin¢polis;SC
Joaáaba;SC
Joinville;SC
JosÇ Boiteux;SC
Jupi†;SC
Lacerd¢polis;SC
Lages;SC
Laguna;SC
Lajeado Grande;SC
Laurentino;SC
Lauro Muller;SC
Lebon RÇgis;SC
Leoberto Leal;SC
Lind¢ia do Sul;SC
Lontras;SC
Luiz Alves;SC
Luzerna;SC
Macieira;SC
Mafra;SC
Major Gercino;SC
Major Vieira;SC
Maracaj†;SC
Maravilha;SC
Marema;SC
Massaranduba;SC
Matos Costa;SC
Meleiro;SC
Mirim Doce;SC
Modelo;SC
Monda°;SC
Monte Carlo;SC
Monte Castelo;SC
Morro da Fumaáa;SC
Morro Grande;SC
Navegantes;SC
Nova Erechim;SC
Nova Itaberaba;SC
Nova Trento;SC
Nova Veneza;SC
Novo Horizonte;SC
Orleans;SC
Otac°lio Costa;SC
Ouro;SC
Ouro Verde;SC
Paial;SC
Painel;SC
Palhoáa;SC
Palma Sola;SC
Palmeira;SC
Palmitos;SC
Papanduva;SC
Para°so;SC
Passo de Torres;SC
Passos Maia;SC
Paulo Lopes;SC
Pedras Grandes;SC
Penha;SC
Peritiba;SC
Pescaria Brava;SC
PetrolÉndia;SC
Piáarras;SC
Pinhalzinho;SC
Pinheiro Preto;SC
Piratuba;SC
Planalto Alegre;SC
Pomerode;SC
Ponte Alta;SC
Ponte Alta do Norte;SC
Ponte Serrada;SC
Porto Belo;SC
Porto Uni∆o;SC
Pouso Redondo;SC
Praia Grande;SC
Presidente Castelo Branco;SC
Presidente Get£lio;SC
Presidente Nereu;SC
Princesa;SC
Quilombo;SC
Rancho Queimado;SC
Rio Das Antas;SC
Rio do Campo;SC
Rio do Oeste;SC
Rio Dos Cedros;SC
Rio do Sul;SC
Rio Fortuna;SC
Rio Negrinho;SC
Rio Rufino;SC
Riqueza;SC
Rodeio;SC
RomelÉndia;SC
Salete;SC
Saltinho;SC
Salto Veloso;SC
Sang∆o;SC
Santa Cec°lia;SC
Santa Helena;SC
Santa Rosa de Lima;SC
Santa Rosa do Sul;SC
Santa Terezinha;SC
Santa Terezinha do Progresso;SC
Santiago do Sul;SC
Santo Amaro da Imperatriz;SC
S∆o Bernardino;SC
S∆o Bento do Sul;SC
S∆o Bonif†cio;SC
S∆o Carlos;SC
S∆o Cristov∆o do Sul;SC
S∆o Domingos;SC
S∆o Francisco do Sul;SC
S∆o Jo∆o do Oeste;SC
S∆o Jo∆o Batista;SC
S∆o Jo∆o do Itaperi£;SC
S∆o Jo∆o do Sul;SC
S∆o Joaquim;SC
S∆o JosÇ;SC
S∆o JosÇ do Cedro;SC
S∆o JosÇ do Cerrito;SC
S∆o Lourenáo do Oeste;SC
S∆o Ludgero;SC
S∆o Martinho;SC
S∆o Miguel da Boa Vista;SC
S∆o Miguel do Oeste;SC
S∆o Pedro de AlcÉntara;SC
Saudades;SC
Schroeder;SC
Seara;SC
Serra Alta;SC
Sider¢polis;SC
Sombrio;SC
Sul Brasil;SC
Tai¢;SC
Tangar†;SC
Tigrinhos;SC
Tijucas;SC
TimbÇ do Sul;SC
Timb¢;SC
Timb¢ Grande;SC
Tràs Barras;SC
Treviso;SC
Treze de Maio;SC
Treze T°lias;SC
Trombudo Central;SC
Tubar∆o;SC
Tun†polis;SC
Turvo;SC
Uni∆o do Oeste;SC
Urubici;SC
Urupema;SC
Urussanga;SC
Varge∆o;SC
Vargem;SC
Vargem Bonita;SC
Vidal Ramos;SC
Videira;SC
Vitor Meireles;SC
Witmarsum;SC
Xanxerà;SC
Xavantina;SC
Xaxim;SC
ZortÇa;SC
Balne†rio Rinc∆o;SC
Acegu†;RS
µgua Santa;RS
Agudo;RS
Ajuricaba;RS
Alecrim;RS
Alegrete;RS
Alegria;RS
Almirante TamandarÇ do Sul;RS
Alpestre;RS
Alto Alegre;RS
Alto Feliz;RS
Alvorada;RS
Amaral Ferrador;RS
Ametista do Sul;RS
AndrÇ da Rocha;RS
Anta Gorda;RS
Antìnio Prado;RS
ArambarÇ;RS
Araric†;RS
Aratiba;RS
Arroio do Meio;RS
Arroio do Sal;RS
Arroio do Padre;RS
Arroio Dos Ratos;RS
Arroio do Tigre;RS
Arroio Grande;RS
Arvorezinha;RS
Augusto Pestana;RS
µurea;RS
BagÇ;RS
Balne†rio Pinhal;RS
Bar∆o;RS
Bar∆o de Cotegipe;RS
Bar∆o do Triunfo;RS
Barrac∆o;RS
Barra do Guarita;RS
Barra do Quara°;RS
Barra do Ribeiro;RS
Barra do Rio Azul;RS
Barra Funda;RS
Barros Cassal;RS
Benjamin Constant do Sul;RS
Bento Gonáalves;RS
Boa Vista Das Miss‰es;RS
Boa Vista do Buric†;RS
Boa Vista do Cadeado;RS
Boa Vista do Incra;RS
Boa Vista do Sul;RS
Bom Jesus;RS
Bom Princ°pio;RS
Bom Progresso;RS
Bom Retiro do Sul;RS
Boqueir∆o do Le∆o;RS
Bossoroca;RS
Bozano;RS
Braga;RS
Brochier;RS
Buti†;RS
Caáapava do Sul;RS
Cacequi;RS
Cachoeira do Sul;RS
Cachoeirinha;RS
Cacique Doble;RS
CaibatÇ;RS
Caiáara;RS
Camaqu∆;RS
Camargo;RS
Cambar† do Sul;RS
Campestre da Serra;RS
Campina Das Miss‰es;RS
Campinas do Sul;RS
Campo Bom;RS
Campo Novo;RS
Campos Borges;RS
Candel†ria;RS
CÉndido God¢i;RS
Candiota;RS
Canela;RS
Canguáu;RS
Canoas;RS
Canudos do Vale;RS
Cap∆o Bonito do Sul;RS
Cap∆o da Canoa;RS
Cap∆o do Cip¢;RS
Cap∆o do Le∆o;RS
Capivari do Sul;RS
Capela de Santana;RS
Capit∆o;RS
Carazinho;RS
Cara†;RS
Carlos Barbosa;RS
Carlos Gomes;RS
Casca;RS
Caseiros;RS
Catu°pe;RS
Caxias do Sul;RS
Centen†rio;RS
Cerrito;RS
Cerro Branco;RS
Cerro Grande;RS
Cerro Grande do Sul;RS
Cerro Largo;RS
Chapada;RS
Charqueadas;RS
Charrua;RS
Chiapetta;RS
Chu°;RS
Chuvisca;RS
Cidreira;RS
Cir°aco;RS
Colinas;RS
Colorado;RS
Condor;RS
Constantina;RS
Coqueiro Baixo;RS
Coqueiros do Sul;RS
Coronel Barros;RS
Coronel Bicaco;RS
Coronel Pilar;RS
Cotipor∆;RS
Coxilha;RS
Crissiumal;RS
Cristal;RS
Cristal do Sul;RS
Cruz Alta;RS
Cruzaltense;RS
Cruzeiro do Sul;RS
David Canabarro;RS
Derrubadas;RS
Dezesseis de Novembro;RS
Dilermando de Aguiar;RS
Dois Irm∆os;RS
Dois Irm∆os Das Miss‰es;RS
Dois Lajeados;RS
Dom Feliciano;RS
Dom Pedro de AlcÉntara;RS
Dom Pedrito;RS
Dona Francisca;RS
Doutor Maur°cio Cardoso;RS
Doutor Ricardo;RS
Eldorado do Sul;RS
Encantado;RS
Encruzilhada do Sul;RS
Engenho Velho;RS
Entre-iju°s;RS
Entre Rios do Sul;RS
Erebango;RS
Erechim;RS
Ernestina;RS
Herval;RS
Erval Grande;RS
Erval Seco;RS
Esmeralda;RS
Esperanáa do Sul;RS
Espumoso;RS
Estaá∆o;RS
EstÉncia Velha;RS
Esteio;RS
Estrela;RS
Estrela Velha;RS
Eugànio de Castro;RS
Fagundes Varela;RS
Farroupilha;RS
Faxinal do Soturno;RS
Faxinalzinho;RS
Fazenda Vilanova;RS
Feliz;RS
Flores da Cunha;RS
Floriano Peixoto;RS
Fontoura Xavier;RS
Formigueiro;RS
Forquetinha;RS
Fortaleza Dos Valos;RS
Frederico Westphalen;RS
Garibaldi;RS
Garruchos;RS
Gaurama;RS
General CÉmara;RS
Gentil;RS
Get£lio Vargas;RS
Giru†;RS
Glorinha;RS
Gramado;RS
Gramado Dos Loureiros;RS
Gramado Xavier;RS
Gravata°;RS
Guabiju;RS
Gua°ba;RS
GuaporÇ;RS
Guarani Das Miss‰es;RS
Harmonia;RS
Herveiras;RS
Horizontina;RS
Hulha Negra;RS
Humait†;RS
Ibarama;RS
Ibiaá†;RS
Ibiraiaras;RS
Ibirapuit∆;RS
Ibirub†;RS
Igrejinha;RS
Iju°;RS
Il¢polis;RS
ImbÇ;RS
Imigrante;RS
Independància;RS
Inhacor†;RS
Ipà;RS
Ipiranga do Sul;RS
Ira°;RS
Itaara;RS
Itacurubi;RS
Itapuca;RS
Itaqui;RS
Itati;RS
Itatiba do Sul;RS
Ivor†;RS
Ivoti;RS
Jaboticaba;RS
Jacuizinho;RS
Jacutinga;RS
Jaguar∆o;RS
Jaguari;RS
Jaquirana;RS
Jari;RS
J¢ia;RS
J£lio de Castilhos;RS
Lagoa Bonita do Sul;RS
Lago∆o;RS
Lagoa Dos Tràs Cantos;RS
Lagoa Vermelha;RS
Lajeado;RS
Lajeado do Bugre;RS
Lavras do Sul;RS
Liberato Salzano;RS
Lindolfo Collor;RS
Linha Nova;RS
Machadinho;RS
Maáambara;RS
Mampituba;RS
Manoel Viana;RS
MaquinÇ;RS
Marat†;RS
Marau;RS
Marcelino Ramos;RS
Mariana Pimentel;RS
Mariano Moro;RS
Marques de Souza;RS
Mata;RS
Mato Castelhano;RS
Mato Leit∆o;RS
Mato Queimado;RS
Maximiliano de Almeida;RS
Minas do Le∆o;RS
Miragua°;RS
Montauri;RS
Monte Alegre Dos Campos;RS
Monte Belo do Sul;RS
Montenegro;RS
Mormaáo;RS
Morrinhos do Sul;RS
Morro Redondo;RS
Morro Reuter;RS
Mostardas;RS
Muáum;RS
Muitos Cap‰es;RS
Muliterno;RS
N∆o-me-toque;RS
Nicolau Vergueiro;RS
Nonoai;RS
Nova Alvorada;RS
Nova Araá†;RS
Nova Bassano;RS
Nova Boa Vista;RS
Nova BrÇscia;RS
Nova Candel†ria;RS
Nova Esperanáa do Sul;RS
Nova Hartz;RS
Nova P†dua;RS
Nova Palma;RS
Nova Petr¢polis;RS
Nova Prata;RS
Nova Ramada;RS
Nova Roma do Sul;RS
Nova Santa Rita;RS
Novo Cabrais;RS
Novo Hamburgo;RS
Novo Machado;RS
Novo Tiradentes;RS
Novo Xingu;RS
Novo Barreiro;RS
Os¢rio;RS
Paim Filho;RS
Palmares do Sul;RS
Palmeira Das Miss‰es;RS
Palmitinho;RS
Panambi;RS
Pantano Grande;RS
Para°;RS
Para°so do Sul;RS
Pareci Novo;RS
ParobÇ;RS
Passa Sete;RS
Passo do Sobrado;RS
Passo Fundo;RS
Paulo Bento;RS
Paverama;RS
Pedras Altas;RS
Pedro Os¢rio;RS
Pejuáara;RS
Pelotas;RS
Picada CafÇ;RS
Pinhal;RS
Pinhal da Serra;RS
Pinhal Grande;RS
Pinheirinho do Vale;RS
Pinheiro Machado;RS
Pinto Bandeira;RS
Pirap¢;RS
Piratini;RS
Planalto;RS
Poáo Das Antas;RS
Pont∆o;RS
Ponte Preta;RS
Port∆o;RS
Porto Alegre;RS
Porto Lucena;RS
Porto Mau†;RS
Porto Vera Cruz;RS
Porto Xavier;RS
Pouso Novo;RS
Presidente Lucena;RS
Progresso;RS
Prot†sio Alves;RS
Putinga;RS
Quara°;RS
Quatro Irm∆os;RS
Quevedos;RS
Quinze de Novembro;RS
Redentora;RS
Relvado;RS
Restinga Seca;RS
Rio Dos ÷ndios;RS
Rio Grande;RS
Rio Pardo;RS
Riozinho;RS
Roca Sales;RS
Rodeio Bonito;RS
Rolador;RS
Rolante;RS
Ronda Alta;RS
Rondinha;RS
Roque Gonzales;RS
Ros†rio do Sul;RS
Sagrada Fam°lia;RS
Saldanha Marinho;RS
Salto do Jacu°;RS
Salvador Das Miss‰es;RS
Salvador do Sul;RS
Sananduva;RS
Santa B†rbara do Sul;RS
Santa Cec°lia do Sul;RS
Santa Clara do Sul;RS
Santa Cruz do Sul;RS
Santa Maria;RS
Santa Maria do Herval;RS
Santa Margarida do Sul;RS
Santana da Boa Vista;RS
Santana do Livramento;RS
Santa Rosa;RS
Santa Tereza;RS
Santa Vit¢ria do Palmar;RS
Santiago;RS
Santo ∂ngelo;RS
Santo Antìnio do Palma;RS
Santo Antìnio da Patrulha;RS
Santo Antìnio Das Miss‰es;RS
Santo Antìnio do Planalto;RS
Santo Augusto;RS
Santo Cristo;RS
Santo Expedito do Sul;RS
S∆o Borja;RS
S∆o Domingos do Sul;RS
S∆o Francisco de Assis;RS
S∆o Francisco de Paula;RS
S∆o Gabriel;RS
S∆o Jerìnimo;RS
S∆o Jo∆o da Urtiga;RS
S∆o Jo∆o do Polàsine;RS
S∆o Jorge;RS
S∆o JosÇ Das Miss‰es;RS
S∆o JosÇ do Herval;RS
S∆o JosÇ do Hortàncio;RS
S∆o JosÇ do Inhacor†;RS
S∆o JosÇ do Norte;RS
S∆o JosÇ do Ouro;RS
S∆o JosÇ do Sul;RS
S∆o JosÇ Dos Ausentes;RS
S∆o Leopoldo;RS
S∆o Lourenáo do Sul;RS
S∆o Luiz Gonzaga;RS
S∆o Marcos;RS
S∆o Martinho;RS
S∆o Martinho da Serra;RS
S∆o Miguel Das Miss‰es;RS
S∆o Nicolau;RS
S∆o Paulo Das Miss‰es;RS
S∆o Pedro da Serra;RS
S∆o Pedro Das Miss‰es;RS
S∆o Pedro do Buti†;RS
S∆o Pedro do Sul;RS
S∆o Sebasti∆o do Ca°;RS
S∆o SepÇ;RS
S∆o Valentim;RS
S∆o Valentim do Sul;RS
S∆o ValÇrio do Sul;RS
S∆o Vendelino;RS
S∆o Vicente do Sul;RS
Sapiranga;RS
Sapucaia do Sul;RS
Sarandi;RS
Seberi;RS
Sede Nova;RS
Segredo;RS
Selbach;RS
Senador Salgado Filho;RS
Sentinela do Sul;RS
Serafina Corràa;RS
SÇrio;RS
Sert∆o;RS
Sert∆o Santana;RS
Sete de Setembro;RS
Severiano de Almeida;RS
Silveira Martins;RS
Sinimbu;RS
Sobradinho;RS
Soledade;RS
Taba°;RS
Tapejara;RS
Tapera;RS
Tapes;RS
Taquara;RS
Taquari;RS
Taquaruáu do Sul;RS
Tavares;RS
Tenente Portela;RS
Terra de Areia;RS
Teutìnia;RS
Tio Hugo;RS
Tiradentes do Sul;RS
Toropi;RS
Torres;RS
Tramanda°;RS
Travesseiro;RS
Tràs Arroios;RS
Tràs Cachoeiras;RS
Tràs Coroas;RS
Tràs de Maio;RS
Tràs Forquilhas;RS
Tràs Palmeiras;RS
Tràs Passos;RS
Trindade do Sul;RS
Triunfo;RS
Tucunduva;RS
Tunas;RS
Tupanci do Sul;RS
Tupanciret∆;RS
Tupandi;RS
Tuparendi;RS
Turuáu;RS
Ubiretama;RS
Uni∆o da Serra;RS
Unistalda;RS
Uruguaiana;RS
Vacaria;RS
Vale Verde;RS
Vale do Sol;RS
Vale Real;RS
Vanini;RS
VenÉncio Aires;RS
Vera Cruz;RS
Veran¢polis;RS
Vespasiano Correa;RS
Viadutos;RS
Viam∆o;RS
Vicente Dutra;RS
Victor Graeff;RS
Vila Flores;RS
Vila LÉngaro;RS
Vila Maria;RS
Vila Nova do Sul;RS
Vista Alegre;RS
Vista Alegre do Prata;RS
Vista Ga£cha;RS
Vit¢ria Das Miss‰es;RS
Westfalia;RS
Xangri-l†;RS
µgua Clara;MS
Alcin¢polis;MS
Amamba°;MS
Anast†cio;MS
AnaurilÉndia;MS
AngÇlica;MS
Antìnio Jo∆o;MS
Aparecida do Taboado;MS
Aquidauana;MS
Aral Moreira;MS
Bandeirantes;MS
Bataguassu;MS
Bataypor∆;MS
Bela Vista;MS
Bodoquena;MS
Bonito;MS
BrasilÉndia;MS
Caarap¢;MS
Camapu∆;MS
Campo Grande;MS
Caracol;MS
CassilÉndia;MS
Chapad∆o do Sul;MS
Corguinho;MS
Coronel Sapucaia;MS
Corumb†;MS
Costa Rica;MS
Coxim;MS
Deod†polis;MS
Dois Irm∆os do Buriti;MS
Douradina;MS
Dourados;MS
Eldorado;MS
F†tima do Sul;MS
Figueir∆o;MS
Gl¢ria de Dourados;MS
Guia Lopes da Laguna;MS
Iguatemi;MS
Inocància;MS
Itapor∆;MS
Itaquira°;MS
Ivinhema;MS
Japor∆;MS
Jaraguari;MS
Jardim;MS
Jate°;MS
Juti;MS
Lad†rio;MS
Laguna Carap∆;MS
Maracaju;MS
Miranda;MS
Mundo Novo;MS
Navira°;MS
Nioaque;MS
Nova Alvorada do Sul;MS
Nova Andradina;MS
Novo Horizonte do Sul;MS
Para°so das µguas;MS
Parana°ba;MS
Paranhos;MS
Pedro Gomes;MS
Ponta Por∆;MS
Porto Murtinho;MS
Ribas do Rio Pardo;MS
Rio Brilhante;MS
Rio Negro;MS
Rio Verde de Mato Grosso;MS
Rochedo;MS
Santa Rita do Pardo;MS
S∆o Gabriel do Oeste;MS
Sete Quedas;MS
Selv°ria;MS
SidrolÉndia;MS
Sonora;MS
Tacuru;MS
Taquarussu;MS
Terenos;MS
Tràs Lagoas;MS
Vicentina;MS
Acorizal;MT
µgua Boa;MT
Alta Floresta;MT
Alto Araguaia;MT
Alto Boa Vista;MT
Alto Garáas;MT
Alto Paraguai;MT
Alto Taquari;MT
Apiac†s;MT
Araguaiana;MT
Araguainha;MT
Araputanga;MT
Aren†polis;MT
Aripuan∆;MT
Bar∆o de Melgaáo;MT
Barra do Bugres;MT
Barra do Garáas;MT
Bom Jesus do Araguaia;MT
Brasnorte;MT
C†ceres;MT
Campin†polis;MT
Campo Novo do Parecis;MT
Campo Verde;MT
Campos de J£lio;MT
Canabrava do Norte;MT
Canarana;MT
Carlinda;MT
Castanheira;MT
Chapada Dos Guimar∆es;MT
Cl†udia;MT
Cocalinho;MT
Col°der;MT
Colniza;MT
Comodoro;MT
Confresa;MT
Conquista DÔoeste;MT
Cotriguaáu;MT
Cuiab†;MT
CurvelÉndia;MT
Denise;MT
Diamantino;MT
Dom Aquino;MT
Feliz Natal;MT
Figueir¢polis DÔoeste;MT
Ga£cha do Norte;MT
General Carneiro;MT
Gl¢ria DÔoeste;MT
Guarant∆ do Norte;MT
Guiratinga;MT
Indiava°;MT
Ipiranga do Norte;MT
Itanhang†;MT
Ita£ba;MT
Itiquira;MT
Jaciara;MT
Jangada;MT
Jauru;MT
Juara;MT
Ju°na;MT
Juruena;MT
Juscimeira;MT
Lambari DÔoeste;MT
Lucas do Rio Verde;MT
Luci†ra;MT
Vila Bela da Sant°ssima Trindade;MT
MarcelÉndia;MT
Matup†;MT
Mirassol DÔoeste;MT
Nobres;MT
NortelÉndia;MT
Nossa Senhora do Livramento;MT
Nova Bandeirantes;MT
Nova NazarÇ;MT
Nova Lacerda;MT
Nova Santa Helena;MT
Nova BrasilÉndia;MT
Nova Cana∆ do Norte;MT
Nova Mutum;MT
Nova Ol°mpia;MT
Nova Ubirat∆;MT
Nova Xavantina;MT
Novo Mundo;MT
Novo Horizonte do Norte;MT
Novo S∆o Joaquim;MT
Parana°ta;MT
Paranatinga;MT
Novo Santo Antìnio;MT
Pedra Preta;MT
Peixoto de Azevedo;MT
Planalto da Serra;MT
PoconÇ;MT
Pontal do Araguaia;MT
Ponte Branca;MT
Pontes e Lacerda;MT
Porto Alegre do Norte;MT
Porto Dos Ga£chos;MT
Porto Esperidi∆o;MT
Porto Estrela;MT
PoxorÇo;MT
Primavera do Leste;MT
Querància;MT
S∆o JosÇ Dos Quatro Marcos;MT
Reserva do Cabaáal;MT
Ribeir∆o Cascalheira;MT
Ribeir∆ozinho;MT
Rio Branco;MT
Santa Carmem;MT
Santo Afonso;MT
S∆o JosÇ do Povo;MT
S∆o JosÇ do Rio Claro;MT
S∆o JosÇ do Xingu;MT
S∆o Pedro da Cipa;MT
RondolÉndia;MT
Rondon¢polis;MT
Ros†rio Oeste;MT
Santa Cruz do Xingu;MT
Salto do CÇu;MT
Santa Rita do Trivelato;MT
Santa Terezinha;MT
Santo Antìnio do Leste;MT
Santo Antìnio do Leverger;MT
S∆o FÇlix do Araguaia;MT
Sapezal;MT
Serra Nova Dourada;MT
Sinop;MT
Sorriso;MT
Tabapor∆;MT
Tangar† da Serra;MT
Tapurah;MT
Terra Nova do Norte;MT
Tesouro;MT
TorixorÇu;MT
Uni∆o do Sul;MT
Vale de S∆o Domingos;MT
V†rzea Grande;MT
Vera;MT
Vila Rica;MT
Nova Guarita;MT
Nova MarilÉndia;MT
Nova Maring†;MT
Nova Monte Verde;MT
Abadia de Goi†s;GO
AbadiÉnia;GO
Acre£na;GO
AdelÉndia;GO
µgua Fria de Goi†s;GO
µgua Limpa;GO
µguas Lindas de Goi†s;GO
AlexÉnia;GO
AloÉndia;GO
Alto Horizonte;GO
Alto Para°so de Goi†s;GO
Alvorada do Norte;GO
Amaralina;GO
Americano do Brasil;GO
Amorin¢polis;GO
An†polis;GO
Anhanguera;GO
Anicuns;GO
Aparecida de GoiÉnia;GO
Aparecida do Rio Doce;GO
AporÇ;GO
Araáu;GO
Aragaráas;GO
AragoiÉnia;GO
Araguapaz;GO
Aren¢polis;GO
Aruan∆;GO
AurilÉndia;GO
Avelin¢polis;GO
Baliza;GO
Barro Alto;GO
Bela Vista de Goi†s;GO
Bom Jardim de Goi†s;GO
Bom Jesus de Goi†s;GO
Bonfin¢polis;GO
Bon¢polis;GO
Brazabrantes;GO
BritÉnia;GO
Buriti Alegre;GO
Buriti de Goi†s;GO
Buritin¢polis;GO
Cabeceiras;GO
Cachoeira Alta;GO
Cachoeira de Goi†s;GO
Cachoeira Dourada;GO
Caáu;GO
Caiapìnia;GO
Caldas Novas;GO
Caldazinha;GO
Campestre de Goi†s;GO
Campinaáu;GO
Campinorte;GO
Campo Alegre de Goi†s;GO
Campo Limpo de Goi†s;GO
Campos Belos;GO
Campos Verdes;GO
Carmo do Rio Verde;GO
CastelÉndia;GO
Catal∆o;GO
Catura°;GO
Cavalcante;GO
Ceres;GO
Cezarina;GO
Chapad∆o do CÇu;GO
Cidade Ocidental;GO
Cocalzinho de Goi†s;GO
Colinas do Sul;GO
C¢rrego do Ouro;GO
Corumb† de Goi†s;GO
Corumba°ba;GO
Cristalina;GO
Cristian¢polis;GO
Crix†s;GO
Crom°nia;GO
Cumari;GO
Damian¢polis;GO
DamolÉndia;GO
Davin¢polis;GO
Diorama;GO
DoverlÉndia;GO
Edealina;GO
EdÇia;GO
Estrela do Norte;GO
Faina;GO
Fazenda Nova;GO
Firmin¢polis;GO
Flores de Goi†s;GO
Formosa;GO
Formoso;GO
Gameleira de Goi†s;GO
Divin¢polis de Goi†s;GO
Goian†polis;GO
Goiandira;GO
GoianÇsia;GO
GoiÉnia;GO
Goianira;GO
Goi†s;GO
Goiatuba;GO
GouvelÉndia;GO
Guap¢;GO
Guara°ta;GO
Guarani de Goi†s;GO
Guarinos;GO
Heitora°;GO
HidrolÉndia;GO
Hidrolina;GO
Iaciara;GO
InaciolÉndia;GO
Indiara;GO
Inhumas;GO
Ipameri;GO
Ipiranga de Goi†s;GO
Ipor†;GO
IsraelÉndia;GO
Itabera°;GO
Itaguari;GO
Itaguaru;GO
Itaj†;GO
Itapaci;GO
Itapirapu∆;GO
Itapuranga;GO
Itarum∆;GO
Itauáu;GO
Itumbiara;GO
IvolÉndia;GO
Jandaia;GO
Jaragu†;GO
Jata°;GO
Jaupaci;GO
Jes£polis;GO
JoviÉnia;GO
Jussara;GO
Lagoa Santa;GO
Leopoldo de Bulh‰es;GO
LuziÉnia;GO
Mairipotaba;GO
Mamba°;GO
Mara Rosa;GO
Marzag∆o;GO
Matrinch∆;GO
MaurilÉndia;GO
Mimoso de Goi†s;GO
Minaáu;GO
Mineiros;GO
Moipor†;GO
Monte Alegre de Goi†s;GO
Montes Claros de Goi†s;GO
Montividiu;GO
Montividiu do Norte;GO
Morrinhos;GO
Morro Agudo de Goi†s;GO
MossÉmedes;GO
MozarlÉndia;GO
Mundo Novo;GO
Mutun¢polis;GO
Naz†rio;GO
Ner¢polis;GO
NiquelÉndia;GO
Nova AmÇrica;GO
Nova Aurora;GO
Nova Crix†s;GO
Nova Gl¢ria;GO
Nova Iguaáu de Goi†s;GO
Nova Roma;GO
Nova Veneza;GO
Novo Brasil;GO
Novo Gama;GO
Novo Planalto;GO
Orizona;GO
Ouro Verde de Goi†s;GO
Ouvidor;GO
Padre Bernardo;GO
Palestina de Goi†s;GO
Palmeiras de Goi†s;GO
Palmelo;GO
Palmin¢polis;GO
Panam†;GO
Paranaiguara;GO
Para£na;GO
PerolÉndia;GO
Petrolina de Goi†s;GO
Pilar de Goi†s;GO
Piracanjuba;GO
Piranhas;GO
Piren¢polis;GO
Pires do Rio;GO
Planaltina;GO
Pontalina;GO
Porangatu;GO
Porteir∆o;GO
PortelÉndia;GO
Posse;GO
Professor Jamil;GO
Quirin¢polis;GO
Rialma;GO
Rian†polis;GO
Rio Quente;GO
Rio Verde;GO
Rubiataba;GO
SanclerlÉndia;GO
Santa B†rbara de Goi†s;GO
Santa Cruz de Goi†s;GO
Santa fÇ de Goi†s;GO
Santa Helena de Goi†s;GO
Santa Isabel;GO
Santa Rita do Araguaia;GO
Santa Rita do Novo Destino;GO
Santa Rosa de Goi†s;GO
Santa Tereza de Goi†s;GO
Santa Terezinha de Goi†s;GO
Santo Antìnio da Barra;GO
Santo Antìnio de Goi†s;GO
Santo Antìnio do Descoberto;GO
S∆o Domingos;GO
S∆o Francisco de Goi†s;GO
S∆o Jo∆o DÔalianáa;GO
S∆o Jo∆o da Para£na;GO
S∆o Lu°s de Montes Belos;GO
S∆o Lu°z do Norte;GO
S∆o Miguel do Araguaia;GO
S∆o Miguel do Passa Quatro;GO
S∆o Patr°cio;GO
S∆o Sim∆o;GO
Senador Canedo;GO
Serran¢polis;GO
SilvÉnia;GO
SimolÉndia;GO
S°tio DÔabadia;GO
Taquaral de Goi†s;GO
Teresina de Goi†s;GO
Terez¢polis de Goi†s;GO
Tràs Ranchos;GO
Trindade;GO
Trombas;GO
TurvÉnia;GO
TurvelÉndia;GO
Uirapuru;GO
Uruaáu;GO
Uruana;GO
Uruta°;GO
Valpara°so de Goi†s;GO
Varj∆o;GO
Vian¢polis;GO
Vicentin¢polis;GO
Vila Boa;GO
Vila Prop°cio;GO
Bras°lia;DF
